0x580,"エイムズはこのF脚内のどこかにいる。だが
彼は敵から姿を隠しているはずだ。俺が敵に
追われている状態では姿を現さないだろう。
見つからないようにエイムズを探さなければ
ならない。
","エイムズはこのF脚内のどこかにいる。だが
彼は敵から姿を隠しているはずだ。俺が敵に
追われている状態では姿を現さないだろう。
見つからないようにエイムズを探さなければ
ならない。
"
0x68f,"Ames is somewhere here in Strut F. 
He must be hiding himself from the enemy. 
He won't come out if I'm being chased by 
the enemy. I have to find him without being 
spotted.
","Ames is somewhere here in Strut F. 
He must be hiding himself from the enemy. 
He won't come out if I'm being chased by 
the enemy. I have to find him without being 
spotted.
"
0x73f,"Ames ist hier irgendwo in Strebe F.
Er muss sich vor dem Feind verbergen.
Er wird nicht herauskommen, wenn ich 
vom Feind gejagt werde. Ich muss ihn
finden, ohne entdeckt zu werden.
","Ames ist hier irgendwo in Strebe F.
Er muss sich vor dem Feind verbergen.
Er wird nicht herauskommen, wenn ich 
vom Feind gejagt werde. Ich muss ihn
finden, ohne entdeckt zu werden.
"
0x7f6,"Ames est quelque part dans l'Etai F. Il doit
se cacher et il ne sortira pas si l'ennemi
est à mes trousses. Il faut absolument
que je le trouve sans me faire repérer.
","Ames est quelque part dans l'Etai F. Il doit
se cacher et il ne sortira pas si l'ennemi
est à mes trousses. Il faut absolument
que je le trouve sans me faire repérer.
"
0x8a0,"Ames è qui, da qualche parte, nel
Supporto F. Si starà nascondendo dal
nemico. Non verrà fuori se il nemico
m'insegue. Devo trovarlo senza farmi
scoprire.
","Ames è qui, da qualche parte, nel
Supporto F. Si starà nascondendo dal
nemico. Non verrà fuori se il nemico
m'insegue. Devo trovarlo senza farmi
scoprire.
"
0x93f,"Ames está en algún lugar del Soporte F.
Seguro que se está escondiendo del 
enemigo. No saldrá de su escondite si
el enemigo va detrás de mí. Tengo que 
encontrarle sin ser descubierto.
","Ames está en algún lugar del Soporte F.
Seguro que se está escondiendo del 
enemigo. No saldrá de su escondite si
el enemigo va detrás de mí. Tengo que 
encontrarle sin ser descubierto.
"
0xa00,"Ames is somewhere here in Strut F. 
He must be hiding himself from the enemy. 
He won't come out if I'm being chased by 
the enemy. I have to find him without being 
spotted.
","Ames is somewhere here in Strut F. 
He must be hiding himself from the enemy. 
He won't come out if I'm being chased by 
the enemy. I have to find him without being 
spotted.
"
0xab0,"俺は『ビッグ・シェル』への潜入に成功した。
まずは内部協力者のエイムズと接触して情報を
入手するのが先決だ。大佐によれば、エイムズ
はF脚にいるという。
","俺は『ビッグ・シェル』への潜入に成功した。
まずは内部協力者のエイムズと接触して情報を
入手するのが先決だ。大佐によれば、エイムズ
はF脚にいるという。
"
0xba6,"I successfully made it into Big Shell. 
I should first get in touch with informant 
Ames and obtain information. According to 
the Colonel, Ames is in Strut F.
","I successfully made it into Big Shell. 
I should first get in touch with informant 
Ames and obtain information. According to 
the Colonel, Ames is in Strut F.
"
0xc47,"Ich hab's geschafft und bin in ""Big Shell"".
Zuerst soll ich Kontaktmann Ames treffen
und Informationen bekommen. 
Laut dem Oberst ist Ames in Strebe F.
","Ich hab's geschafft und bin in ""Big Shell"".
Zuerst soll ich Kontaktmann Ames treffen
und Informationen bekommen. 
Laut dem Oberst ist Ames in Strebe F.
"
0xce0,"Ça y est, je suis dans la Big Shell. Je dois
tout d'abord entrer en contact avec l'indic
Ames pour obtenir des informations.
D'après le Colonel, il est dans l'Etai F.
","Ça y est, je suis dans la Big Shell. Je dois
tout d'abord entrer en contact avec l'indic
Ames pour obtenir des informations.
D'après le Colonel, il est dans l'Etai F.
"
0xd8a,"Ce l'ho fatta a entrare nella ""Big Shell"".
Prima devo contattare l'informatore
Ames e chiedere ragguagli. Secondo
il Colonnello, Ames è nel Supporto F.
","Ce l'ho fatta a entrare nella ""Big Shell"".
Prima devo contattare l'informatore
Ames e chiedere ragguagli. Secondo
il Colonnello, Ames è nel Supporto F.
"
0xe24,"He conseguido entrar al ""Big Shell"". Antes
de nada debería de ponerme en contacto 
con Ames para obtener información.
Según el Coronel, Ames está en
el Soporte F.
","He conseguido entrar al ""Big Shell"". Antes
de nada debería de ponerme en contacto 
con Ames para obtener información.
Según el Coronel, Ames está en
el Soporte F.
"
0xecc,"I successfully made it into ""Big Shell."" 
I should first get in touch with informant 
Ames and obtain information. According to 
Colonel, Ames is in Strut F.
","I successfully made it into ""Big Shell."" 
I should first get in touch with informant 
Ames and obtain information. According to 
Colonel, Ames is in Strut F.
"
0xf6b,"エイムズはファットマンがヘリポートにいると
語った。また大佐によれば人質がシェル1中央
棟B1に捕えられていると言う。どちらを優先
するかは俺の判断に任された。
","エイムズはファットマンがヘリポートにいると
語った。また大佐によれば人質がシェル1中央
棟B1に捕えられていると言う。どちらを優先
するかは俺の判断に任された。
"
0x1066,"Ames told me that Fatman is on the heliport. 
And according to the Colonel, there are 
hostages tied up on Level B1, Shell 1 Core. 
Which site I choose is up to my judgment.
","Ames told me that Fatman is on the heliport. 
And according to the Colonel, there are 
hostages tied up on Level B1, Shell 1 Core. 
Which site I choose is up to my judgment.
"
0x1115,"Laut Ames ist Fatman auf dem Heliport.
Und laut dem Oberst sind Geiseln auf
Ebene B1 im Kern von Shell 1 gefesselt. 
Es liegt an mir, wohin ich mich wende.
","Laut Ames ist Fatman auf dem Heliport.
Und laut dem Oberst sind Geiseln auf
Ebene B1 im Kern von Shell 1 gefesselt. 
Es liegt an mir, wohin ich mich wende.
"
0x11b2,"Ames m'a dit que Fatman est dans
l'héliport. Et d'après le Colonel, des
employés ont été pris en otages dans
le noyau de la Shell 1, au niveau B1.
À moi de décider où aller.
","Ames m'a dit que Fatman est dans
l'héliport. Et d'après le Colonel, des
employés ont été pris en otages dans
le noyau de la Shell 1, au niveau B1.
À moi de décider où aller.
"
0x1269,"Ames mi ha detto che Fatman è
sull'eliporto. E secondo il Colonnello, ci
sono ostaggi bloccati sul Livello B1, al
centro di Shell 1. Devo decidere io dove
andare.
","Ames mi ha detto che Fatman è
sull'eliporto. E secondo il Colonnello, ci
sono ostaggi bloccati sul Livello B1, al
centro di Shell 1. Devo decidere io dove
andare.
"
0x130e,"Ames me ha dicho que Fatman está en el
helipuerto. Según el Coronel, hay rehenes 
retenidos en el nivel B1 (Sótano 1) del
núcleo del Shell 1. Yo tengo que decidir 
dónde ir primero.
","Ames me ha dicho que Fatman está en el
helipuerto. Según el Coronel, hay rehenes 
retenidos en el nivel B1 (Sótano 1) del
núcleo del Shell 1. Yo tengo que decidir 
dónde ir primero.
"
0x13ca,"Ames told me that Fatman is on the heliport. 
And according to Colonel, there are hostages 
tied up on Level B1, Shell 1 Core. Which site 
I choose is up to my judgment.
","Ames told me that Fatman is on the heliport. 
And according to Colonel, there are hostages 
tied up on Level B1, Shell 1 Core. Which site 
I choose is up to my judgment.
"
0x1475,"この部屋のどこかにジェ二ファーがいる。
ジェ二ファーは今もメールを打っているらしい。
集音マイクで彼女を探し出し、マイクを向けた
ままアクションボ夕ンで呼びかければ接触でき
るはずだ。
","この部屋のどこかにジェ二ファーがいる。
ジェ二ファーは今もメールを打っているらしい。
集音マイクで彼女を探し出し、マイクを向けた
ままアクションボ夕ンで呼びかければ接触でき
るはずだ。
"
0x15a1,"Jennifer is in this room somewhere. 
Supposedly, Jennifer is typing up an e-mail 
right now. If I find her with the directional mic 
and press the Action button, I think I can get 
in touch with her.
","Jennifer is in this room somewhere. 
Supposedly, Jennifer is typing up an e-mail 
right now. If I find her with the directional mic 
and press the Action button, I think I can get 
in touch with her.
"
0x166a,"Jennifer ist irgendwo in diesem Raum.
Wahrcheinlich tippt Jennifer gerade eine
E-Mail. Wenn ich sie mit dem Richtmikro
finde und die Aktionstaste drücke,
müsste ich Kontakt mit ihr herstellen
können.
","Jennifer ist irgendwo in diesem Raum.
Wahrcheinlich tippt Jennifer gerade eine
E-Mail. Wenn ich sie mit dem Richtmikro
finde und die Aktionstaste drücke,
müsste ich Kontakt mit ihr herstellen
können.
"
0x1736,"Jennifer est quelque part dans cette salle.
Il paraît qu'elle est en train de taper un
message. Si je la trouve avec le micro, je
pourrai entrer en contact avec elle en
appuyant sur la touche Action.
","Jennifer est quelque part dans cette salle.
Il paraît qu'elle est en train de taper un
message. Si je la trouve avec le micro, je
pourrai entrer en contact avec elle en
appuyant sur la touche Action.
"
0x1800,"Jennifer dev'essere in questa stanza e
forse starà scrivendo un e-mail. Se la
trovo con il microfono direzionale e premo
il tasto Azione, penso di riuscire a
mettermi in contatto con lei.
","Jennifer dev'essere in questa stanza e
forse starà scrivendo un e-mail. Se la
trovo con il microfono direzionale e premo
il tasto Azione, penso di riuscire a
mettermi in contatto con lei.
"
0x18be,"Jennifer está en algún lugar de esta
habitación. En teoría, Jennifer está
escribiendo un e-mail ahora mismo.
Si la localizo con la ayuda del micrófono
direccional y pulso el botón Acción, creo
que podré comunicarme con ella.
","Jennifer está en algún lugar de esta
habitación. En teoría, Jennifer está
escribiendo un e-mail ahora mismo.
Si la localizo con la ayuda del micrófono
direccional y pulso el botón Acción, creo
que podré comunicarme con ella.
"
0x19a9,"Jennifer is in this room somewhere. 
Supposedly, Jennifer is typing up an e-mail 
right now. If I find her with the directional mic 
and press the Action button, I think I can get 
in touch with her.
","Jennifer is in this room somewhere. 
Supposedly, Jennifer is typing up an e-mail 
right now. If I find her with the directional mic 
and press the Action button, I think I can get 
in touch with her.
"
0x1a72,"俺は人質の捕えられている部屋に辿り着いた。
しかし大佐は、ジェ二ファーを特定するには
集音マイクが必要だと言う。まずは集音マイク
を探さなければならないようだ。
","俺は人質の捕えられている部屋に辿り着いた。
しかし大佐は、ジェ二ファーを特定するには
集音マイクが必要だと言う。まずは集音マイク
を探さなければならないようだ。
"
0x1b70,"I arrived at the room with the hostages. The 
Colonel says that I need a directional mic to 
identify Jennifer. I guess I'll have to find a 
directional mic first.
","I arrived at the room with the hostages. The 
Colonel says that I need a directional mic to 
identify Jennifer. I guess I'll have to find a 
directional mic first.
"
0x1c15,"Ich bin im Raum mit den Geiseln
angekommen. Laut dem Oberst brauche
ich ein Richtmikro, um Jennifer zu
identifizieren. Ich werde wohl zunächst
ein Richtmikro suchen müssen.
","Ich bin im Raum mit den Geiseln
angekommen. Laut dem Oberst brauche
ich ein Richtmikro, um Jennifer zu
identifizieren. Ich werde wohl zunächst
ein Richtmikro suchen müssen.
"
0x1cc5,"Je suis arrivé à la salle des otages.
D'après le Colonel, je pourrai identifier
Jennifer à l'aide d'un micro directionnel.
Je dois donc en dénicher un d'abord.
","Je suis arrivé à la salle des otages.
D'après le Colonel, je pourrai identifier
Jennifer à l'aide d'un micro directionnel.
Je dois donc en dénicher un d'abord.
"
0x1d6b,"Sono arrivato alla stanza con gli ostaggi. Il
Colonnello dice che mi serve un microfono 
direzionale per identificare Jennifer. Quindi
lo devo trovare.
","Sono arrivato alla stanza con gli ostaggi. Il
Colonnello dice che mi serve un microfono 
direzionale per identificare Jennifer. Quindi
lo devo trovare.
"
0x1e04,"He llegado a la habitación en la que
están los rehenes. El Coronel dice que
necesito un micrófono direccional para
identificar a Jennifer. Antes de nada tengo
que buscar el micrófono direccional.
","He llegado a la habitación en la que
están los rehenes. El Coronel dice que
necesito un micrófono direccional para
identificar a Jennifer. Antes de nada tengo
que buscar el micrófono direccional.
"
0x1ecd,"I arrived at the room with the hostages. 
Colonel says that I need a directional mic 
to identify Jennifer. I guess I must find a 
directional mic first.
","I arrived at the room with the hostages. 
Colonel says that I need a directional mic 
to identify Jennifer. I guess I must find a 
directional mic first.
"
0x1f68,"俺はシェル1中央棟B1で人質達が捕らわれて
いるのを確認した。集音マイクを使えばジェ二
ファーと接触できるはずだ。
","俺はシェル1中央棟B1で人質達が捕らわれて
いるのを確認した。集音マイクを使えばジェ二
ファーと接触できるはずだ。
"
0x201a,"I have confirmed that the hostages are kept 
on Level B1, Shell 1 Core. I think I can 
contact Jennifer with the directional mic.
","I have confirmed that the hostages are kept 
on Level B1, Shell 1 Core. I think I can 
contact Jennifer with the directional mic.
"
0x209d,"Ich habe die Bestätigung, dass die Geiseln
auf Ebene B1 im Kern von Shell 1 gefangen
gehalten werden. Ich glaube, dass ich mit
dem Richtmikro Kontakt mit Jennifer
aufnehmen kann.
","Ich habe die Bestätigung, dass die Geiseln
auf Ebene B1 im Kern von Shell 1 gefangen
gehalten werden. Ich glaube, dass ich mit
dem Richtmikro Kontakt mit Jennifer
aufnehmen kann.
"
0x2152,"Les otages sont bien au niveau B1, dans
le noyau de la Shell 1. Je pense pouvoir
contacter Jennifer avec le micro
directionnel.
","Les otages sont bien au niveau B1, dans
le noyau de la Shell 1. Je pense pouvoir
contacter Jennifer avec le micro
directionnel.
"
0x21d3,"Mi sono accertato che gli ostaggi sono sul
Livello B1 al centro di Shell 1. Forse riesco
a contattare Jennifer col microfono
direzionale.
","Mi sono accertato che gli ostaggi sono sul
Livello B1 al centro di Shell 1. Forse riesco
a contattare Jennifer col microfono
direzionale.
"
0x225e,"Está confirmado, los rehenes se
encuentran en el nivel B1 del núcleo
del Shell 1. Creo que podré comunicarme
con Jennifer con el micrófono direccional.
","Está confirmado, los rehenes se
encuentran en el nivel B1 del núcleo
del Shell 1. Creo que podré comunicarme
con Jennifer con el micrófono direccional.
"
0x22fb,"I have confirmed that the hostages are kept 
on Level B1, Shell 1 Core. I think I can 
contact Jennifer with the directional mic.
","I have confirmed that the hostages are kept 
on Level B1, Shell 1 Core. I think I can 
contact Jennifer with the directional mic.
"
0x237e,"ジェ二ファーは、ファットマンがシェル1中央
棟に爆弾を仕掛け、人質の動きを封じていると
語った。そしてファットマンは今でもヘリポー
トにいるはずだ。
","ジェ二ファーは、ファットマンがシェル1中央
棟に爆弾を仕掛け、人質の動きを封じていると
語った。そしてファットマンは今でもヘリポー
トにいるはずだ。
"
0x247a,"Jennifer said that Fatman has set explosives 
in the Shell 1 Core and is preventing the 
hostages from moving. Fatman is probably 
on the heliport.
","Jennifer said that Fatman has set explosives 
in the Shell 1 Core and is preventing the 
hostages from moving. Fatman is probably 
on the heliport.
"
0x250f,"Laut Jennifer hat Fatman Sprengladungen
im Kern von Shell 1 gelegt, und er
verhindert, dass sich die Geiseln 
bewegen können. Fatman muss auf
dem Heliport sein.
","Laut Jennifer hat Fatman Sprengladungen
im Kern von Shell 1 gelegt, und er
verhindert, dass sich die Geiseln 
bewegen können. Fatman muss auf
dem Heliport sein.
"
0x25b2,"Jennifer a dit que Fatman a posé des
explosifs dans le noyau de la Shell 1 et
qu'il empêche les otages de bouger.
Fatman doit être dans l'héliport.
","Jennifer a dit que Fatman a posé des
explosifs dans le noyau de la Shell 1 et
qu'il empêche les otages de bouger.
Fatman doit être dans l'héliport.
"
0x264b,"Jennifer ha detto che Fatman ha piazzato
esplosivi nel centro di Shell 1 e impedisce
agli ostaggi di muoversi. Fatman deve
stare sull'eliporto.
","Jennifer ha detto che Fatman ha piazzato
esplosivi nel centro di Shell 1 e impedisce
agli ostaggi di muoversi. Fatman deve
stare sull'eliporto.
"
0x26dc,"Jennifer ha dicho que Fatman ha puesto
explosivos en el núcleo del Shell 1 y está 
impidiendo que los rehenes se muevan.
Fatman tiene que estar en el helipuerto.
","Jennifer ha dicho que Fatman ha puesto
explosivos en el núcleo del Shell 1 y está 
impidiendo que los rehenes se muevan.
Fatman tiene que estar en el helipuerto.
"
0x2781,"Jennifer said that Fatman has set explosives 
in the Shell 1 Core and is preventing the 
hostages from moving. Fatman must be on 
the heliport.
","Jennifer said that Fatman has set explosives 
in the Shell 1 Core and is preventing the 
hostages from moving. Fatman must be on 
the heliport.
"
0x2812,"爆弾は処理した。人質はこれで安全と言える
だろう。残る任務はテロリストの制圧となる。
ファットマンはヘリポートにいるはずだ。
","爆弾は処理した。人質はこれで安全と言える
だろう。残る任務はテロリストの制圧となる。
ファットマンはヘリポートにいるはずだ。
"
0x28dc,"I have defused the explosives. The hostages 
are all safe now. The other half of the 
mission is suppressing the terrorist. Fatman 
is probably on the heliport.
","I have defused the explosives. The hostages 
are all safe now. The other half of the 
mission is suppressing the terrorist. Fatman 
is probably on the heliport.
"
0x297e,"Ich habe die Sprengladungen entschärft.
Alle Geiseln sind jetzt in Sicherheit. Im
zweiten Teil der Mission soll ich die
Terroristen niederhalten. Fatman muss
auf dem Heliport sein.
","Ich habe die Sprengladungen entschärft.
Alle Geiseln sind jetzt in Sicherheit. Im
zweiten Teil der Mission soll ich die
Terroristen niederhalten. Fatman muss
auf dem Heliport sein.
"
0x2a35,"J'ai désamorcé les explosifs. Les otages
sont tous en sécurité maintenant. La 
deuxième partie de la mission consiste
à éliminer le terroriste. Fatman doit
être dans l'héliport.
","J'ai désamorcé les explosifs. Les otages
sont tous en sécurité maintenant. La 
deuxième partie de la mission consiste
à éliminer le terroriste. Fatman doit
être dans l'héliport.
"
0x2af1,"Ho disinnescato gli esplosivi. Ora gli
ostaggi sono al sicuro. L'altra metà
della missione consiste nel fare fuori il
terrorista. Fatman deve stare sull'eliporto.
","Ho disinnescato gli esplosivi. Ora gli
ostaggi sono al sicuro. L'altra metà
della missione consiste nel fare fuori il
terrorista. Fatman deve stare sull'eliporto.
"
0x2b96,"He desactivado los explosivos. Los rehenes
están ya seguros. La otra parte de mi 
misión consiste en suprimir a los
terroristas. Fatman tiene que estar
en el helipuerto.
","He desactivado los explosivos. Los rehenes
están ya seguros. La otra parte de mi 
misión consiste en suprimir a los
terroristas. Fatman tiene que estar
en el helipuerto.
"
0x2c43,"I have defused the explosives. The 
hostages are all safe now. The other 
half of the mission is suppressing the 
terrorist.Fatman must be on the heliport.
","I have defused the explosives. The 
hostages are all safe now. The other 
half of the mission is suppressing the 
terrorist.Fatman must be on the heliport.
"
0x2ce0,"人質を爆殺したファットマンは、次の標的を
俺に定めた。迫り来るファットマンの巨体。
奴を倒すしかない。
","人質を爆殺したファットマンは、次の標的を
俺に定めた。迫り来るファットマンの巨体。
奴を倒すしかない。
"
0x2d8f,"After killing the hostages with his bomb, 
Fatman selected me as his next target. 
That massive body of his -- I have no 
choice but to take him out.
","After killing the hostages with his bomb, 
Fatman selected me as his next target. 
That massive body of his -- I have no 
choice but to take him out.
"
0x2e26,"Nachdem Fatman die Geiseln mit seiner
Bombe tötete, hat er mich als nächstes
Ziel gewählt. Bei seinem 
massigen Körper bleibt mir keine andere
Wahl -- ich muss ihn ausschalten.
","Nachdem Fatman die Geiseln mit seiner
Bombe tötete, hat er mich als nächstes
Ziel gewählt. Bei seinem 
massigen Körper bleibt mir keine andere
Wahl -- ich muss ihn ausschalten.
"
0x2edc,"Maintenant que Fatman a tué les otages
avec sa bombe, je suis sa prochaine cible.
Il est tellement énorme. Je n'ai pas le
choix, il faut que je l'abatte.
","Maintenant que Fatman a tué les otages
avec sa bombe, je suis sa prochaine cible.
Il est tellement énorme. Je n'ai pas le
choix, il faut que je l'abatte.
"
0x2f79,"Dopo avere ucciso gli ostaggi con la
sua bomba, Fatman ha scelto me come
prossimo bersaglio. Quella palla di lardo
-- Non ho scelta, devo farlo fuori.
","Dopo avere ucciso gli ostaggi con la
sua bomba, Fatman ha scelto me come
prossimo bersaglio. Quella palla di lardo
-- Non ho scelta, devo farlo fuori.
"
0x3011,"Tras matar a los rehenes con su bomba,
Fatman me ha elegido como su próximo 
objetivo. Su cuerpo es enorme...no tengo
más remedio que acabar con él.
","Tras matar a los rehenes con su bomba,
Fatman me ha elegido como su próximo 
objetivo. Su cuerpo es enorme...no tengo
más remedio que acabar con él.
"
0x30aa,"After killing the hostages with his bomb, 
Fatman has selected me as his next target. 
This massive body of his -- I have no choice 
but to take him out.
","After killing the hostages with his bomb, 
Fatman has selected me as his next target. 
This massive body of his -- I have no choice 
but to take him out.
"
0x3145,"計画の失敗を悟ったファットマンは次の標的を
俺に定めた。迫り来るファットマンの巨体。
奴を倒すしかない。
","計画の失敗を悟ったファットマンは次の標的を
俺に定めた。迫り来るファットマンの巨体。
奴を倒すしかない。
"
0x31f7,"Sensing the failure of his plan, Fatman 
has selected me as his next target. 
That massive body of his -- I have no 
choice but to take him out.
","Sensing the failure of his plan, Fatman 
has selected me as his next target. 
That massive body of his -- I have no 
choice but to take him out.
"
0x3289,"Fatman spürt, dass sein Plan scheitert
und so hat er mich als nächstes Ziel
gewählt. Bei seinem massigen Körper
bleibt mir keine andere Wahl -- ich muss
ihn ausschalten.
","Fatman spürt, dass sein Plan scheitert
und so hat er mich als nächstes Ziel
gewählt. Bei seinem massigen Körper
bleibt mir keine andere Wahl -- ich muss
ihn ausschalten.
"
0x3338,"Fatman a pressenti que son plan
allait échouer et a donc décidé de
m'éliminer. Il est tellement énorme !
Je n'ai pas le choix, il faut que je l'abatte.
","Fatman a pressenti que son plan
allait échouer et a donc décidé de
m'éliminer. Il est tellement énorme !
Je n'ai pas le choix, il faut que je l'abatte.
"
0x33d6,"Fatman ha intuito che il suo piano stava
per fallire, così mi ha scelto come
prossimo bersaglio. Quella palla di lardo
-- Non ho scelta: devo farlo fuori.
","Fatman ha intuito che il suo piano stava
per fallire, così mi ha scelto come
prossimo bersaglio. Quella palla di lardo
-- Non ho scelta: devo farlo fuori.
"
0x3473,"Al ver que su plan va a fracasar, Fatman
me ha elegido como su próximo objetivo.
Su cuerpo es enorme... no tengo más
remedio que acabar con él.
","Al ver que su plan va a fracasar, Fatman
me ha elegido como su próximo objetivo.
Su cuerpo es enorme... no tengo más
remedio que acabar con él.
"
0x3507,"Sensing the failure of his plan, Fatman 
has selected me has his next target. 
This massive body of his -- I have no 
choice but to take him out.
","Sensing the failure of his plan, Fatman 
has selected me has his next target. 
This massive body of his -- I have no 
choice but to take him out.
"
0x359a,"『ビッグ・シェル』は正体不明の武装集団に
占拠されていた。エマの身が気がかりだ。
彼女はどこにいるのだろうか。
","『ビッグ・シェル』は正体不明の武装集団に
占拠されていた。エマの身が気がかりだ。
彼女はどこにいるのだろうか。
"
0x3652,"Big Shell has been taken over by an 
unidentified armed group. I'm really worried 
about Emma. Where the hell can she be?
","Big Shell has been taken over by an 
unidentified armed group. I'm really worried 
about Emma. Where the hell can she be?
"
0x36cd,"""Big Shell"" wurde von einer nicht
identifizierten bewaffneten Gruppe
besetzt. Ich mache mir große Sorgen
wegen Emma. Wo sie wohl sein kann?
","""Big Shell"" wurde von einer nicht
identifizierten bewaffneten Gruppe
besetzt. Ich mache mir große Sorgen
wegen Emma. Wo sie wohl sein kann?
"
0x375b,"La Big Shell a été prise d'assaut par un
groupe armé non identifié. Je m'inquiète
pour Emma. Où peut-elle bien être ?
","La Big Shell a été prise d'assaut par un
groupe armé non identifié. Je m'inquiète
pour Emma. Où peut-elle bien être ?
"
0x37d9,"La ""Big Shell"" è stata assalita da
un gruppo armato non identificato.
Mi preoccupo per Emma. Dove diavolo
si sarà cacciata?
","La ""Big Shell"" è stata assalita da
un gruppo armato non identificato.
Mi preoccupo per Emma. Dove diavolo
si sarà cacciata?
"
0x3858,"""Big Shell"" ha sido tomado por
un grupo armado sin identificar.
Estoy muy preocupado por Emma.
¿Dónde demonios puede estar?
","""Big Shell"" ha sido tomado por
un grupo armado sin identificar.
Estoy muy preocupado por Emma.
¿Dónde demonios puede estar?
"
0x38d7,"""Big Shell"" has been taken over by an 
unidentified armed group. I'm really worried 
about Emma. Where the hell can she be?
","""Big Shell"" has been taken over by an 
unidentified armed group. I'm really worried 
about Emma. Where the hell can she be?
"
0x3954,"『ビッグ・シェル』は正体不明の武装集団に
占拠されていた。エマの身が気がかりだ。
彼女はC脚のどこかに逃げ込んだという。
","『ビッグ・シェル』は正体不明の武装集団に
占拠されていた。エマの身が気がかりだ。
彼女はC脚のどこかに逃げ込んだという。
"
0x3a19,"Big Shell has been taken over by an 
unidentified armed group. I'm really worried 
about Emma. She supposedly hid herself 
somewhere in Strut C.
","Big Shell has been taken over by an 
unidentified armed group. I'm really worried 
about Emma. She supposedly hid herself 
somewhere in Strut C.
"
0x3aab,"""Big Shell"" wurde von einer nicht
identifizierten bewaffneten Gruppe
besetzt. Ich mache mir große Sorgen
wegen Emma. Sie soll sich irgendwo
in Strebe C verstecken.
","""Big Shell"" wurde von einer nicht
identifizierten bewaffneten Gruppe
besetzt. Ich mache mir große Sorgen
wegen Emma. Sie soll sich irgendwo
in Strebe C verstecken.
"
0x3b51,"La Big Shell a été prise d'assaut par un
groupe armé non identifié. Je m'inquiète
pour Emma. Elle est sensée se cacher
quelque part dans l'Etai C.
","La Big Shell a été prise d'assaut par un
groupe armé non identifié. Je m'inquiète
pour Emma. Elle est sensée se cacher
quelque part dans l'Etai C.
"
0x3beb,"La ""Big Shell"" è stata assalita da un
gruppo armato non identificato. Mi
preoccupo per Emma. Si sarà nascosta
da qualche parte nel Supporto C.
","La ""Big Shell"" è stata assalita da un
gruppo armato non identificato. Mi
preoccupo per Emma. Si sarà nascosta
da qualche parte nel Supporto C.
"
0x3c7d,"""Big Shell"" ha sido tomado por un grupo
armado sin identificar. Estoy muy
preocupado por Emma. Creo que está
escondida en algún lugar del Soporte C.
","""Big Shell"" ha sido tomado por un grupo
armado sin identificar. Estoy muy
preocupado por Emma. Creo que está
escondida en algún lugar del Soporte C.
"
0x3d15,"""Big Shell"" has been taken over by an 
unidentified armed group. I'm really worried 
about Emma. She supposedly hid herself 
somewhere in Strut C.
","""Big Shell"" has been taken over by an 
unidentified armed group. I'm really worried 
about Emma. She supposedly hid herself 
somewhere in Strut C.
"
0x3da9,"エマの無事を確認したのもつかの間、気がつく
と俺達は敵に包囲されていた。なだれ込んで
くる敵兵達。エマを守るには奴等を全て倒さ
なければならない。
","エマの無事を確認したのもつかの間、気がつく
と俺達は敵に包囲されていた。なだれ込んで
くる敵兵達。エマを守るには奴等を全て倒さ
なければならない。
"
0x3e8c,"Only moments after I confirmed Emma's 
safety, we were surrounded by enemies. 
Enemy soldiers keep on flooding in. I must 
take out every single one of them to save 
Emma.
","Only moments after I confirmed Emma's 
safety, we were surrounded by enemies. 
Enemy soldiers keep on flooding in. I must 
take out every single one of them to save 
Emma.
"
0x3f39,"Nur Momente nachdem ich mich
vergewisserte, dass Emma sicher ist,
wurden wir von Feinden umringt. Es
kommen immer mehr feindliche Soldaten.
Ich muss jeden einzelnen ausschalten,
um Emma zu retten.
","Nur Momente nachdem ich mich
vergewisserte, dass Emma sicher ist,
wurden wir von Feinden umringt. Es
kommen immer mehr feindliche Soldaten.
Ich muss jeden einzelnen ausschalten,
um Emma zu retten.
"
0x3fff,"Juste après m'être assuré qu'Emma
était en sûreté, l'ennemi nous a
encerclés. Les soldats ennemis entraient
par dizaines. Une vraie marée. Je dois
tous les abattre pour sauver Emma.
","Juste après m'être assuré qu'Emma
était en sûreté, l'ennemi nous a
encerclés. Les soldats ennemis entraient
par dizaines. Une vraie marée. Je dois
tous les abattre pour sauver Emma.
"
0x40be,"Poco dopo essermi accertato che Emma
stava bene, siamo stati circondati dai
nemici. I soldati nemici arrivano a frotte.
Devo sistemarli uno per uno per salvare
Emma.
","Poco dopo essermi accertato che Emma
stava bene, siamo stati circondati dai
nemici. I soldati nemici arrivano a frotte.
Devo sistemarli uno per uno per salvare
Emma.
"
0x4165,"Justo momentos después de encontrar
a Emma a salvo, nos han rodeado los 
enemigos. Los soldados enemigos siguen
llegando. Tengo que terminar con todos y 
cada uno de ellos para salvar a Emma.
","Justo momentos después de encontrar
a Emma a salvo, nos han rodeado los 
enemigos. Los soldados enemigos siguen
llegando. Tengo que terminar con todos y 
cada uno de ellos para salvar a Emma.
"
0x4227,"Only moments after I confirmed Emma's 
safety, we were surrounded by enemies. 
Enemy soldiers keep on flooding in. I must 
take out every single one of them to save 
Emma.
","Only moments after I confirmed Emma's 
safety, we were surrounded by enemies. 
Enemy soldiers keep on flooding in. I must 
take out every single one of them to save 
Emma.
"
0x42d4,"人質が捕らわれているシェル2へ行くには、
シェル1シェル2連絡橋の扉を開けなけれ
ばならないとエマは語る。そのためには、
B脚のノードにアクセスすればいいらしい。
","人質が捕らわれているシェル2へ行くには、
シェル1シェル2連絡橋の扉を開けなけれ
ばならないとエマは語る。そのためには、
B脚のノードにアクセスすればいいらしい。
"
0x43d0,"Emma told me that I must open the door to 
the Shell 1 - 2 connecting bridge to go to 
Shell 2, where the hostages are kept. 
I must access the node in Strut B to do so.
","Emma told me that I must open the door to 
the Shell 1 - 2 connecting bridge to go to 
Shell 2, where the hostages are kept. 
I must access the node in Strut B to do so.
"
0x447b,"Laut Emma muss ich die Tür der
Verbindungsbrücke zwischen Shell 1 und
Shell 2 öffnen, um in Shell 2 zu kommen,
wo die Geiseln sind. Dazu muss ich den
Knotenpunkt in Strebe B erreichen.
","Laut Emma muss ich die Tür der
Verbindungsbrücke zwischen Shell 1 und
Shell 2 öffnen, um in Shell 2 zu kommen,
wo die Geiseln sind. Dazu muss ich den
Knotenpunkt in Strebe B erreichen.
"
0x4538,"D'après Emma, je dois ouvrir la porte
menant à la passerelle reliant les Shells 1
et 2 pour accéder à la Shell 2 où les
otages se trouvent. Je dois donc atteindre
le nœud de l'Etai B.
","D'après Emma, je dois ouvrir la porte
menant à la passerelle reliant les Shells 1
et 2 pour accéder à la Shell 2 où les
otages se trouvent. Je dois donc atteindre
le nœud de l'Etai B.
"
0x45f7,"Emma mi ha detto di aprire la porta del
ponte di collegamento tra Shell 1 e Shell 2
per passare a Shell 2, dove sono gli
ostaggi. Per farlo devo accedere al
nodo nel Supporto B.
","Emma mi ha detto di aprire la porta del
ponte di collegamento tra Shell 1 e Shell 2
per passare a Shell 2, dove sono gli
ostaggi. Per farlo devo accedere al
nodo nel Supporto B.
"
0x46aa,"Emma me ha dicho que para llegar al Shell
2, donde se encuentran los rehenes, tengo 
que abrir la puerta del puente de conexión
entre el Shell 1 y el Shell 2. Para ello,
tengo  que acceder al nodo del Soporte B.
","Emma me ha dicho que para llegar al Shell
2, donde se encuentran los rehenes, tengo 
que abrir la puerta del puente de conexión
entre el Shell 1 y el Shell 2. Para ello,
tengo  que acceder al nodo del Soporte B.
"
0x4780,"Emma told me that I must open the door to 
the Shell 1-Shell 2 connecting bridge to go to 
Shell 2 where the hostages are kept.I must 
access the node in Strut B to do so.
","Emma told me that I must open the door to 
the Shell 1-Shell 2 connecting bridge to go to 
Shell 2 where the hostages are kept.I must 
access the node in Strut B to do so.
"
0x482d,"エマはこのF脚のどこかにいるはずだ。だが
俺の潜入が知られれば、敵は容赦なくエマを
殺すだろう。敵に発見されることなくエマを
探し出さなければならない。
","エマはこのF脚のどこかにいるはずだ。だが
俺の潜入が知られれば、敵は容赦なくエマを
殺すだろう。敵に発見されることなくエマを
探し出さなければならない。
"
0x4917,"Emma is here somewhere in Strut F. If they 
find out I'm here, the enemy will kill Emma 
without mercy. I must find Emma without 
being spotted by the enemy.
","Emma is here somewhere in Strut F. If they 
find out I'm here, the enemy will kill Emma 
without mercy. I must find Emma without 
being spotted by the enemy.
"
0x49b6,"Emma ist hier irgendwo in Strebe F.
Wenn der Feind herausbekommt, dass
ich hier bin, wird er Emma töten. Ich 
muss Emma finden, ohne vom Feind
entdeckt zu werden.
","Emma ist hier irgendwo in Strebe F.
Wenn der Feind herausbekommt, dass
ich hier bin, wird er Emma töten. Ich 
muss Emma finden, ohne vom Feind
entdeckt zu werden.
"
0x4a5b,"Emma se trouve quelque part dans l'Etai F.
S'il découvre que je suis ici, l'ennemi la
tuera sans pitié. Il faut absolument que
je trouve Emma sans me faire repérer.
","Emma se trouve quelque part dans l'Etai F.
S'il découvre que je suis ici, l'ennemi la
tuera sans pitié. Il faut absolument que
je trouve Emma sans me faire repérer.
"
0x4b04,"Emma si trova qui, nel Supporto F.
Se scoprono che mi trovo qui, i nemici
uccideranno Emma senza pietà. Devo
trovare Emma senza farmi vedere dal
nemico.
","Emma si trova qui, nel Supporto F.
Se scoprono che mi trovo qui, i nemici
uccideranno Emma senza pietà. Devo
trovare Emma senza farmi vedere dal
nemico.
"
0x4b9f,"Emma está aquí, en el Soporte F. Si
descubren que estoy aquí, el enemigo 
aniquilará a Emma. Tengo que encontrar
a Emma sin ser descubierto por
el enemigo.
","Emma está aquí, en el Soporte F. Si
descubren que estoy aquí, el enemigo 
aniquilará a Emma. Tengo que encontrar
a Emma sin ser descubierto por
el enemigo.
"
0x4c40,"Emma is here somewhere in Strut F. If they 
find out I'm here, the enemy will kill Emma 
without mercy. I must find Emma without 
being spotted by the enemy.
","Emma is here somewhere in Strut F. If they 
find out I'm here, the enemy will kill Emma 
without mercy. I must find Emma without 
being spotted by the enemy.
"
0x4cdf,"俺がB脚へ向かっている間にエマが敵に捕らわ
れてしまった。だがオ夕コンの協力でエマは
F脚のどこかにいることが判明する。何として
もエマを救出しなければならない。
","俺がB脚へ向かっている間にエマが敵に捕らわ
れてしまった。だがオ夕コンの協力でエマは
F脚のどこかにいることが判明する。何として
もエマを救出しなければならない。
"
0x4dd9,"Emma has been captured. With Otacon's 
help, I found out that Emma is somewhere 
in Strut F. I'll do anything it takes to rescue 
Emma.
","Emma has been captured. With Otacon's 
help, I found out that Emma is somewhere 
in Strut F. I'll do anything it takes to rescue 
Emma.
"
0x4e62,"Emma wurde gefangen. Mit Otacons Hilfe
habe ich herausgefunden, dass Emma
irgendwo in Strebe F ist. Ich werde alles
tun, um Emma zu retten.
","Emma wurde gefangen. Mit Otacons Hilfe
habe ich herausgefunden, dass Emma
irgendwo in Strebe F ist. Ich werde alles
tun, um Emma zu retten.
"
0x4eef,"Emma a été capturée. Avec l'aide
d'Otacon, j'ai découvert qu'elle se trouve
quelque part dans l'Etai F. Je ferai tout
pour sauver Emma.
","Emma a été capturée. Avec l'aide
d'Otacon, j'ai découvert qu'elle se trouve
quelque part dans l'Etai F. Je ferai tout
pour sauver Emma.
"
0x4f7c,"Emma è stata catturata. Con l'aiuto di
Otacon, ho scoperto che Emma si trova
nel Supporto F. Farò di tutto per salvare
Emma.
","Emma è stata catturata. Con l'aiuto di
Otacon, ho scoperto che Emma si trova
nel Supporto F. Farò di tutto per salvare
Emma.
"
0x4ffc,"Han capturado a Emma. Con la ayuda de
Otacon, he descubierto que Emma está
en algún lugar del Soporte F. Haré
cualquier cosa para rescatar a Emma.
","Han capturado a Emma. Con la ayuda de
Otacon, he descubierto que Emma está
en algún lugar del Soporte F. Haré
cualquier cosa para rescatar a Emma.
"
0x5093,"Emma has been captured. With Otacon's 
help, I found out thta Emma is somewhere 
in Strut F. I'll do anything it takes to rescue 
Emma.
","Emma has been captured. With Otacon's 
help, I found out thta Emma is somewhere 
in Strut F. I'll do anything it takes to rescue 
Emma.
"
0x511c,"エマはなんとか無事だった。だがまだ多くの
職員がシェル2に捕らわれている。人質を救出
するため俺とエマはD脚からシェル2へ向かう
ことにした。
","エマはなんとか無事だった。だがまだ多くの
職員がシェル2に捕らわれている。人質を救出
するため俺とエマはD脚からシェル2へ向かう
ことにした。
"
0x51f9,"Emma seems fine. But there still are a lot 
of hostages tied up in Shell 2. Emma and I 
decided to go from Strut D to Shell 2 to save 
the hostages.
","Emma seems fine. But there still are a lot 
of hostages tied up in Shell 2. Emma and I 
decided to go from Strut D to Shell 2 to save 
the hostages.
"
0x528f,"Emma scheint in Ordnung zu sein.
Aber viele Mitarbeiter sind noch in
Shell 2 gefesselt. Emma und ich haben
beschlossen, von Strebe D zu Shell 2
zu gehen, um die Geiseln zu retten.
","Emma scheint in Ordnung zu sein.
Aber viele Mitarbeiter sind noch in
Shell 2 gefesselt. Emma und ich haben
beschlossen, von Strebe D zu Shell 2
zu gehen, um die Geiseln zu retten.
"
0x5344,"Emma a l'air en forme. Mais il reste
beaucoup de prisonniers dans la Shell 2.
Emma et moi avons décidé de passer
de l'Etai D à la Shell 2 pour les libérer.
","Emma a l'air en forme. Mais il reste
beaucoup de prisonniers dans la Shell 2.
Emma et moi avons décidé de passer
de l'Etai D à la Shell 2 pour les libérer.
"
0x53e5,"Emma sta bene. Ma tanti di quelli che
lavorano qui sono ancora bloccati in Shell
2. Emma ed io abbiamo deciso di andare
dal Supporto D a Shell 2 per salvare gli
ostaggi.
","Emma sta bene. Ma tanti di quelli che
lavorano qui sono ancora bloccati in Shell
2. Emma ed io abbiamo deciso di andare
dal Supporto D a Shell 2 per salvare gli
ostaggi.
"
0x5490,"Emma está bien. Pero todavía quedan
muchos rehenes retenidos en el Shell 2. 
Emma y yo hemos decidido ir del Soporte
D al Shell 2 para salvar a los rehenes. 
","Emma está bien. Pero todavía quedan
muchos rehenes retenidos en el Shell 2. 
Emma y yo hemos decidido ir del Soporte
D al Shell 2 para salvar a los rehenes. 
"
0x5531,"Emma seems fine. But there still are a lot 
of those who work here tied up in Shell 2. 
Emma and I decided to go from Strut D to 
Shell 2 to save the hostages.
","Emma seems fine. But there still are a lot 
of those who work here tied up in Shell 2. 
Emma and I decided to go from Strut D to 
Shell 2 to save the hostages.
"
0x55d2,"麻薬の隠し場所を見つけた俺達だったが敵に
発見され包囲されてしまう。次から次へと
現れる敵兵達。だが奴等の囲みを突破し、
必ずエマと共にDE連絡橋へ脱出してみせる。
","麻薬の隠し場所を見つけた俺達だったが敵に
発見され包囲されてしまう。次から次へと
現れる敵兵達。だが奴等の囲みを突破し、
必ずエマと共にDE連絡橋へ脱出してみせる。
"
0x56cf,"We found where the drugs had been hidden. 
But then in rushed a large enemy unit. 
I WILL get past the surrounding enemies and 
escape to the DE connecting bridge together 
with Emma.
","We found where the drugs had been hidden. 
But then in rushed a large enemy unit. 
I WILL get past the surrounding enemies and 
escape to the DE connecting bridge together 
with Emma.
"
0x5788,"Wir haben das Drogenversteck gefunden.
Aber dann kam eine große feindliche
Einheit. Ich WERDE die Feinde ringsum
überwinden und mit Emma zur
DE-Verbindungsbrücke entkommen.
","Wir haben das Drogenversteck gefunden.
Aber dann kam eine große feindliche
Einheit. Ich WERDE die Feinde ringsum
überwinden und mit Emma zur
DE-Verbindungsbrücke entkommen.
"
0x5839,"Nous avons découvert l'endroit où ils
cachent la drogue. Mais ils ont envoyé
une grande unité ennemie. Je vais les
contourner et m'enfuir par la passerelle
de connexion DE avec Emma.
","Nous avons découvert l'endroit où ils
cachent la drogue. Mais ils ont envoyé
une grande unité ennemie. Je vais les
contourner et m'enfuir par la passerelle
de connexion DE avec Emma.
"
0x58f5,"Abbiamo trovato dove hanno nascosto la
droga. Ma poi è entrata un'unità nemica
numerosa. SUPERERÒ i nemici che ci
accerchiano e fuggirò verso il ponte di
collegamento DE insieme ad Emma.
","Abbiamo trovato dove hanno nascosto la
droga. Ma poi è entrata un'unità nemica
numerosa. SUPERERÒ i nemici che ci
accerchiano e fuggirò verso il ponte di
collegamento DE insieme ad Emma.
"
0x59b5,"Hemos descubierto el lugar en el que están
escondidas las drogas. Pero justo entonces,
apareció una numerosa unidad enemiga.
ESQUIVARÉ a los enemigos que nos
rodean y escaparé hacia el puente de
conexión DE con Emma.
","Hemos descubierto el lugar en el que están
escondidas las drogas. Pero justo entonces,
apareció una numerosa unidad enemiga.
ESQUIVARÉ a los enemigos que nos
rodean y escaparé hacia el puente de
conexión DE con Emma.
"
0x5a94,"We found where the drugs have been 
hidden. But then rushed in a large enemy 
unit. I WILL get past the surrounding 
enemies and escape to the DE connecting 
bridge together with Emma.
","We found where the drugs have been 
hidden. But then rushed in a large enemy 
unit. I WILL get past the surrounding 
enemies and escape to the DE connecting 
bridge together with Emma.
"
0x5b4e,"エマは敵の大部分をE脚内に閉じ込めることに
成功した。しかし人質を救出するためシェル2
へ向かう俺達の前にハリアーが現れる。ハリアー
を撃墜しなければ道は開けない。
","エマは敵の大部分をE脚内に閉じ込めることに
成功した。しかし人質を救出するためシェル2
へ向かう俺達の前にハリアーが現れる。ハリアー
を撃墜しなければ道は開けない。
"
0x5c48,"Emma successfully locked most of the 
enemies inside Strut E. The two of us headed 
for Shell 2 to rescue the hostages. Then 
appeared a Harrier right in front of us. We 
have no choice but to bring the Harrier down.
","Emma successfully locked most of the 
enemies inside Strut E. The two of us headed 
for Shell 2 to rescue the hostages. Then 
appeared a Harrier right in front of us. We 
have no choice but to bring the Harrier down.
"
0x5d22,"Emma hat die meisten Feinde in Strebe E
eingeschlossen. Während wir zu Shell 2
gehen, um die Geiseln zu retten, taucht
direkt vor uns ein Harrier auf. Es bleibt
keine andere Wahl als ihn auszuschalten.
","Emma hat die meisten Feinde in Strebe E
eingeschlossen. Während wir zu Shell 2
gehen, um die Geiseln zu retten, taucht
direkt vor uns ein Harrier auf. Es bleibt
keine andere Wahl als ihn auszuschalten.
"
0x5dee,"Emma a réussi à enfermer la plupart des
ennemis dans l'Etai E. Nous nous dirigeons
vers la Shell 2 pour libérer les otages. Un
Harrier vient de surgir devant nous. Nous
n'avons pas le choix : il faut l'abattre.
","Emma a réussi à enfermer la plupart des
ennemis dans l'Etai E. Nous nous dirigeons
vers la Shell 2 pour libérer les otages. Un
Harrier vient de surgir devant nous. Nous
n'avons pas le choix : il faut l'abattre.
"
0x5ec5,"Emma è riuscita a bloccare quasi tutti i
nemici dentro il Supporto E. Noi due ci
dirigiamo verso Shell 2 per salvare gli
ostaggi. Poi ci compare un Harrier proprio
davanti. Non ho scelta: devo abbattere
l'Harrier.
","Emma è riuscita a bloccare quasi tutti i
nemici dentro il Supporto E. Noi due ci
dirigiamo verso Shell 2 per salvare gli
ostaggi. Poi ci compare un Harrier proprio
davanti. Non ho scelta: devo abbattere
l'Harrier.
"
0x5f9d,"Emma ha conseguido encerrar a la mayor
parte de los enemigos en el Soporte E.
Ambos nos dirigimos hacia el Shell 2 para
rescatar a los rehenes. Justo entonces
aparece un Harrier frente a nosotros, tengo
que destruirlo.
","Emma ha conseguido encerrar a la mayor
parte de los enemigos en el Soporte E.
Ambos nos dirigimos hacia el Shell 2 para
rescatar a los rehenes. Justo entonces
aparece un Harrier frente a nosotros, tengo
que destruirlo.
"
0x6079,"Emma successfully locked most of the 
enemies inside Strut E. The two of us head 
for Shell 2 to rescue the hostages. Then 
appears a Harrier right in front of us. There 
is no choice but to bring the Harrier down.
","Emma successfully locked most of the 
enemies inside Strut E. The two of us head 
for Shell 2 to rescue the hostages. Then 
appears a Harrier right in front of us. There 
is no choice but to bring the Harrier down.
"
0x6151,"俺は偽装夕ンカーへの潜入に成功する。だが
既に船はゴルルコビッチの部隊によって制圧
されていた。まずはメリルの安全を確かめねば
ならない。彼女はこの船のどこかにいるはずだ。
","俺は偽装夕ンカーへの潜入に成功する。だが
既に船はゴルルコビッチの部隊によって制圧
されていた。まずはメリルの安全を確かめねば
ならない。彼女はこの船のどこかにいるはずだ。
"
0x6261,"I successfully infiltrated the disguised tanker. 
But it seems like the ship has already been 
occupied by Gurlukovich's army. I must first 
confirm Meryl's safety. She must be 
somewhere on this ship.
","I successfully infiltrated the disguised tanker. 
But it seems like the ship has already been 
occupied by Gurlukovich's army. I must first 
confirm Meryl's safety. She must be 
somewhere on this ship.
"
0x632c,"Ich bin erfolgreich in den getarnten Tanker
eingedrungen. Aber das Schiff scheint
bereits von Gurlukovichs Armee besetzt zu
sein. Zunächst muss ich mich vergewissern,
dass Meryl sicher ist. Sie muss irgendwo
auf diesem Schiff sein.
","Ich bin erfolgreich in den getarnten Tanker
eingedrungen. Aber das Schiff scheint
bereits von Gurlukovichs Armee besetzt zu
sein. Zunächst muss ich mich vergewissern,
dass Meryl sicher ist. Sie muss irgendwo
auf diesem Schiff sein.
"
0x6416,"J'ai réussi à m'infiltrer dans le faux pétrolier.
J'ai l'impression que le navire est déjà
occupé par l'armée de Gurlukovich. Je
dois d'abord m'assurer que Meryl est en
sûreté. Elle doit être quelque part
sur le navire.
","J'ai réussi à m'infiltrer dans le faux pétrolier.
J'ai l'impression que le navire est déjà
occupé par l'armée de Gurlukovich. Je
dois d'abord m'assurer que Meryl est en
sûreté. Elle doit être quelque part
sur le navire.
"
0x64fd,"Mi sono infiltrato nel tanker mimetizzato,
ma pare che la nave sia già stata occupata
dall'esercito di Gurlukovich. Devo prima
accertarmi che Meryl stia bene. Dev'essere
da qualche parte su questa nave.
","Mi sono infiltrato nel tanker mimetizzato,
ma pare che la nave sia già stata occupata
dall'esercito di Gurlukovich. Devo prima
accertarmi che Meryl stia bene. Dev'essere
da qualche parte su questa nave.
"
0x65ca,"He conseguido infiltrarme en el tanque.
Pero parece que el tanque ya ha sido
ocupado por el ejército de Gurlukovich.
Lo primero de todo es confirmar que Meryl
está bien, tiene que estar en algún lugar
del tanque.
","He conseguido infiltrarme en el tanque.
Pero parece que el tanque ya ha sido
ocupado por el ejército de Gurlukovich.
Lo primero de todo es confirmar que Meryl
está bien, tiene que estar en algún lugar
del tanque.
"
0x66a3,"I successfully infiltrated the disguised tanker. 
But it seems like the ship has already been 
occupied by Gurlukovich's army. I must first 
confirm Meryl's safety. She must be 
somewhere on this ship.
","I successfully infiltrated the disguised tanker. 
But it seems like the ship has already been 
occupied by Gurlukovich's army. I must first 
confirm Meryl's safety. She must be 
somewhere on this ship.
"
0x676e,"メリルは別行動をとるとして去ってしまった。
だがゴルルコビッチにメ夕ルギアを渡す訳には
いかない。メリルによればメ夕ルギアは船倉に
あるという。
","メリルは別行動をとるとして去ってしまった。
だがゴルルコビッチにメ夕ルギアを渡す訳には
いかない。メリルによればメ夕ルギアは船倉に
あるという。
"
0x6854,"Meryl has left to pursue action on her own. 
I cannot let Gurlukovich take Metal Gear. 
According to Meryl, Metal Gear is in the hold.
","Meryl has left to pursue action on her own. 
I cannot let Gurlukovich take Metal Gear. 
According to Meryl, Metal Gear is in the hold.
"
0x68dc,"Meryl ist gegangen und handelt
selbstständig. Ich kann Metal Gear
nicht Gurlukovich überlassen. Laut
Meryl ist Metal Gear im Laderaum.
","Meryl ist gegangen und handelt
selbstständig. Ich kann Metal Gear
nicht Gurlukovich überlassen. Laut
Meryl ist Metal Gear im Laderaum.
"
0x6966,"Meryl est partie de son côté. Je ne peux
pas laisser Gurlukovich prendre le Metal
Gear. D'après Meryl, le Metal Gear est
dans les soutes.
","Meryl est partie de son côté. Je ne peux
pas laisser Gurlukovich prendre le Metal
Gear. D'après Meryl, le Metal Gear est
dans les soutes.
"
0x69f4,"Meryl se n'è andata per la sua strada.
Non posso permettere a Gurlukovich di
prendere il Metal Gear che, secondo
Meryl, è nella stiva.
","Meryl se n'è andata per la sua strada.
Non posso permettere a Gurlukovich di
prendere il Metal Gear che, secondo
Meryl, è nella stiva.
"
0x6a7e,"Meryl se ha ido por su cuenta. No puedo
permitir que Gurlukovich se apodere de
Metal Gear. Según Meryl, Metal Gear
está en el almacén de cargo.
","Meryl se ha ido por su cuenta. No puedo
permitir que Gurlukovich se apodere de
Metal Gear. Según Meryl, Metal Gear
está en el almacén de cargo.
"
0x6b12,"Meryl has left to pursue action on her own. 
I cannot make Gurlukovich take Metal Gear. 
According to Meryl, Metal Gear is in the 
holds.
","Meryl has left to pursue action on her own. 
I cannot make Gurlukovich take Metal Gear. 
According to Meryl, Metal Gear is in the 
holds.
"
0x6b9d,"船倉を目指す俺は敵部隊の攻撃を受けた。
完全な待伏せだ。俺の行動が読まれていたのか。
だが考え込んでいる余裕はなかった。まずは
この窮地を切り抜けなければならない。
","船倉を目指す俺は敵部隊の攻撃を受けた。
完全な待伏せだ。俺の行動が読まれていたのか。
だが考え込んでいる余裕はなかった。まずは
この窮地を切り抜けなければならない。
"
0x6ca1,"As I headed for the hold, I fell into an enemy 
ambush. Did they know where I was heading?
Now is no time for questions. I must first get 
out of this situation.
","As I headed for the hold, I fell into an enemy 
ambush. Did they know where I was heading?
Now is no time for questions. I must first get 
out of this situation.
"
0x6d44,"Auf dem Weg zum Laderaum geriet ich in
einen feindlichen Hinterhalt. Wussten sie,
wohin ich wollte? Aber jetzt ist keine
Zeit für Fragen. Erst muss ich aus dieser
Situation heraus.
","Auf dem Weg zum Laderaum geriet ich in
einen feindlichen Hinterhalt. Wussten sie,
wohin ich wollte? Aber jetzt ist keine
Zeit für Fragen. Erst muss ich aus dieser
Situation heraus.
"
0x6dfb,"Je me dirigeais vers les soutes quand
je suis tombé dans une embuscade.
Savaient-ils où j'allais ? Bon, ce n'est
pas le moment de me poser des questions.
Je dois sortir de là.
","Je me dirigeais vers les soutes quand
je suis tombé dans une embuscade.
Savaient-ils où j'allais ? Bon, ce n'est
pas le moment de me poser des questions.
Je dois sortir de là.
"
0x6eaf,"Andando verso la stiva, sono caduto in
un'imboscata. Il nemico sapeva dov'ero
diretto? Ora non ho tempo per le
domande. Devo prima tirarmi fuori
dai guai.
","Andando verso la stiva, sono caduto in
un'imboscata. Il nemico sapeva dov'ero
diretto? Ora non ho tempo per le
domande. Devo prima tirarmi fuori
dai guai.
"
0x6f4b,"Mientras me dirigía hacia el almacén de
cargo, caí en la trampa del enemigo.
¿Cómo sabían hacia dónde me dirigía?
Ahora no es momento de cuestionar eso.
Antes tengo que salir de esta situación.
","Mientras me dirigía hacia el almacén de
cargo, caí en la trampa del enemigo.
¿Cómo sabían hacia dónde me dirigía?
Ahora no es momento de cuestionar eso.
Antes tengo que salir de esta situación.
"
0x7017,"As I headed for the holds, I fell into enemy 
ambush. Did they know where I was heading? 
Now is no time for questions. I must first get 
out of this situation.
","As I headed for the holds, I fell into enemy 
ambush. Did they know where I was heading? 
Now is no time for questions. I must first get 
out of this situation.
"
0x70b9,"メリルはゴルルコビッチと組んでいた。衝撃を
受けつつも何とか船倉を脱出した俺に迫る敵の
追っ手。まずはこの第ニ甲板から抜け出さねば
ならない。機関室まで戻れば何とかなるはずだ。
","メリルはゴルルコビッチと組んでいた。衝撃を
受けつつも何とか船倉を脱出した俺に迫る敵の
追っ手。まずはこの第ニ甲板から抜け出さねば
ならない。機関室まで戻れば何とかなるはずだ。
"
0x71cf,"I managed to escape the hold, but the 
enemies are still after me. I have to get 
out of Deck 2. Maybe if I go back to the 
engine room there will be a way out.
","I managed to escape the hold, but the 
enemies are still after me. I have to get 
out of Deck 2. Maybe if I go back to the 
engine room there will be a way out.
"
0x7271,"Ich konnte aus dem Laderaum flüchten,
aber die Feinde verfolgen mich. Ich muss
zunächst hier aus Deck 2 raus. 
Vielleicht komme ich raus, wenn ich
in den Maschinenraum zurückgehe.
","Ich konnte aus dem Laderaum flüchten,
aber die Feinde verfolgen mich. Ich muss
zunächst hier aus Deck 2 raus. 
Vielleicht komme ich raus, wenn ich
in den Maschinenraum zurückgehe.
"
0x7329,"J'ai réussi à sortir des soutes, mais
l'ennemi me court toujours après. Il faut
que je sorte du pont 2. Si je retourne à la
salle des moteurs, je trouverai peut-être
une issue.
","J'ai réussi à sortir des soutes, mais
l'ennemi me court toujours après. Il faut
que je sorte du pont 2. Si je retourne à la
salle des moteurs, je trouverai peut-être
une issue.
"
0x73e0,"Sono riuscito a fuggire dalla stiva, ma i
nemici mi stanno ancora alle calcagna.
Devo prima uscire dal Ponte 2. Forse se
torno alla sala motori trovo una via
d'uscita.
","Sono riuscito a fuggire dalla stiva, ma i
nemici mi stanno ancora alle calcagna.
Devo prima uscire dal Ponte 2. Forse se
torno alla sala motori trovo una via
d'uscita.
"
0x7489,"He conseguido escapar del almacén de
cargo, pero los enemigos todavía me 
persiguen. Antes de nada tengo que salir
a la Cubierta 2. Igual hay una salida en
la sala de motores.
","He conseguido escapar del almacén de
cargo, pero los enemigos todavía me 
persiguen. Antes de nada tengo que salir
a la Cubierta 2. Igual hay una salida en
la sala de motores.
"
0x753c,"Meryl and Gurlukovich were a team.Sure I was
shocked, but I managed to escape the holds. 
The enemies are right behind me. I must first 
get out of Deck 2 here. Maybe if I go back to 
the engine room there is a way out.
","Meryl and Gurlukovich were a team.Sure I was
shocked, but I managed to escape the holds. 
The enemies are right behind me. I must first 
get out of Deck 2 here. Maybe if I go back to 
the engine room there is a way out.
"
0x7619,"大佐はゴルルコビッチが仲間と合流しメ夕ル
ギアを回収する可能性があるという。その前に
船橋に辿り着き、船の進路を変えなければなら
ない。
","大佐はゴルルコビッチが仲間と合流しメ夕ル
ギアを回収する可能性があるという。その前に
船橋に辿り着き、船の進路を変えなければなら
ない。
"
0x76ed,"The Colonel says that Gurlukovich might join 
up with his people and get a hold of Metal 
Gear. I must get to the bridge before that 
happens and change the ship's course.
","The Colonel says that Gurlukovich might join 
up with his people and get a hold of Metal 
Gear. I must get to the bridge before that 
happens and change the ship's course.
"
0x779a,"Laut dem Oberst könnte Gurlukovich sich
mit seinen Leuten verbünden und an Metal
Gear herankommen. Ich muss vorher noch
auf die Brücke und den Kurs des Schiffs
ändern.
","Laut dem Oberst könnte Gurlukovich sich
mit seinen Leuten verbünden und an Metal
Gear herankommen. Ich muss vorher noch
auf die Brücke und den Kurs des Schiffs
ändern.
"
0x7847,"Le Colonel a dit que Gurlukovich allait
peut-être se rallier à ses hommes et
s'emparer du Metal Gear. Il faut que j'aille
sur la passerelle pour changer le navire
de direction.
","Le Colonel a dit que Gurlukovich allait
peut-être se rallier à ses hommes et
s'emparer du Metal Gear. Il faut que j'aille
sur la passerelle pour changer le navire
de direction.
"
0x78fb,"Il Colonnello dice che Gurlukovich potrebbe
unirsi ai suoi compari e impadronirsi del
Metal Gear. Devo arrivare al ponte prima
che accada e cambiare la rotta della nave.
","Il Colonnello dice che Gurlukovich potrebbe
unirsi ai suoi compari e impadronirsi del
Metal Gear. Devo arrivare al ponte prima
che accada e cambiare la rotta della nave.
"
0x79a6,"El Coronel dice que Gurlukovich igual se
une a esta gente y se apodera de Metal
Gear. Tengo que llegar al puente y cambiar
la trayectoria del tanque antes de que
eso ocurra.
","El Coronel dice que Gurlukovich igual se
une a esta gente y se apodera de Metal
Gear. Tengo que llegar al puente y cambiar
la trayectoria del tanque antes de que
eso ocurra.
"
0x7a55,"Colonel says that Gurlukovich might join up 
with his people and get a hold of Metal Gear. 
I must get to the bridge before that and 
change the ship's course.
","Colonel says that Gurlukovich might join up 
with his people and get a hold of Metal Gear. 
I must get to the bridge before that and 
change the ship's course.
"
0x7af6,"全ては亡き父親の遺志を継ぐためだとメリルは
言った。ゴルルコビッチの言う事実に疑念を
挟む俺に、メリルは銃を向ける。話し合いの
余地はなかった。
","全ては亡き父親の遺志を継ぐためだとメリルは
言った。ゴルルコビッチの言う事実に疑念を
挟む俺に、メリルは銃を向ける。話し合いの
余地はなかった。
"
0x7bdf,"Meryl says all this is for her to carry out the 
intentions of her late father. As I expressed 
my doubts toward the facts Gurlukovich spoke 
of, Meryl pointed her gun at me.
","Meryl says all this is for her to carry out the 
intentions of her late father. As I expressed 
my doubts toward the facts Gurlukovich spoke 
of, Meryl pointed her gun at me.
"
0x7c8f,"Laut Meryl dient dies alles dazu, den
Willen ihres verstorbenen Vaters zu
erfüllen. Als ich Zweifel an den von 
Gurlukovich erwähnten Fakten äußerte,
richtete Meryl ihre Waffe auf mich.
","Laut Meryl dient dies alles dazu, den
Willen ihres verstorbenen Vaters zu
erfüllen. Als ich Zweifel an den von 
Gurlukovich erwähnten Fakten äußerte,
richtete Meryl ihre Waffe auf mich.
"
0x7d4e,"Meryl a dit que tout ça c'est pour
respecter les intentions de son défunt
père. Comme je lui faisais part de mes
doutes sur ce qu'a dit Gurlukovich, elle
a braqué son arme sur moi.
","Meryl a dit que tout ça c'est pour
respecter les intentions de son défunt
père. Comme je lui faisais part de mes
doutes sur ce qu'a dit Gurlukovich, elle
a braqué son arme sur moi.
"
0x7e08,"Meryl dice che fa tutto questo in base
ai piani del suo defunto padre. Mentre
esprimevo dubbi sui fatti riferiti da
Gurlukovich, Meryl mi ha puntato
l'arma addosso.
","Meryl dice che fa tutto questo in base
ai piani del suo defunto padre. Mentre
esprimevo dubbi sui fatti riferiti da
Gurlukovich, Meryl mi ha puntato
l'arma addosso.
"
0x7eae,"Meryl dice que está haciendo todo esto
para cumplir la última voluntad de su
padre. Cuando le estaba expresando mis
dudas sobre la historia que le contó Gur-
lukovich, Meryl me apuntó con su arma.
","Meryl dice que está haciendo todo esto
para cumplir la última voluntad de su
padre. Cuando le estaba expresando mis
dudas sobre la historia que le contó Gur-
lukovich, Meryl me apuntó con su arma.
"
0x7f78,"Meryl says all this is for her to carry out the 
intention her late father. As I expressed my 
doubts toward the facts Gurlukovich spoke 
of, Meryl pointed her gun at me.
","Meryl says all this is for her to carry out the 
intention her late father. As I expressed my 
doubts toward the facts Gurlukovich spoke 
of, Meryl pointed her gun at me.
"
0x8024,"SEALSとの合同演習中デッドセルが反乱を
起こした。ヴァンプの意図は不明だが、まずは
襲われたSEALSを助けなければならない。
俺はB脚へ急ぐことにした。
","SEALSとの合同演習中デッドセルが反乱を
起こした。ヴァンプの意図は不明だが、まずは
襲われたSEALSを助けなければならない。
俺はB脚へ急ぐことにした。
"
0x8109,"Dead Cell revolted during the joint exercise 
with the SEALs. Vamp's intentions are not 
clear. But I must save the SEALs under 
attack. I am now heading toward Strut B.
","Dead Cell revolted during the joint exercise 
with the SEALs. Vamp's intentions are not 
clear. But I must save the SEALs under 
attack. I am now heading toward Strut B.
"
0x81b4,"Dead Cell meuterte bei der gemeinsamen
Übung mit den SEALS. Vamps Absichten
sind nicht klar. Aber ich muss die
angegriffenen SEALS retten.
Ich gehe jetzt zu Strebe B.
","Dead Cell meuterte bei der gemeinsamen
Übung mit den SEALS. Vamps Absichten
sind nicht klar. Aber ich muss die
angegriffenen SEALS retten.
Ich gehe jetzt zu Strebe B.
"
0x825d,"La Dead Cell s'est révoltée pendant
l'exercice commun avec les SEALS. Les
intentions de Vamp ne sont pas claires.
Mais je dois sauver les SEALS. Je me
rends à l'Etai B.
","La Dead Cell s'est révoltée pendant
l'exercice commun avec les SEALS. Les
intentions de Vamp ne sont pas claires.
Mais je dois sauver les SEALS. Je me
rends à l'Etai B.
"
0x830a,"La Dead Cell si è ribellata durante le
esercitazioni con i SEAL. Le intenzioni di
Vamp non sono chiare. Ma devo salvare
i SEAL che sono stati attaccati. Mi dirigo
verso il Supporto B.
","La Dead Cell si è ribellata durante le
esercitazioni con i SEAL. Le intenzioni di
Vamp non sono chiare. Ma devo salvare
i SEAL che sono stati attaccati. Mi dirigo
verso il Supporto B.
"
0x83c4,"En el ejercicio conjunto con los SEALS,
Dead Cell se ha sublevado. No sabemos
qué es lo que pretende Vamp. Pero tengo
que salvar a los SEALS que están siendo 
atacados. Me dirijo hacia el Soporte B.
","En el ejercicio conjunto con los SEALS,
Dead Cell se ha sublevado. No sabemos
qué es lo que pretende Vamp. Pero tengo
que salvar a los SEALS que están siendo 
atacados. Me dirijo hacia el Soporte B.
"
0x848e,"Dead Cell revolted during the joint exercise 
with the SEALS. Vamp's intentions are not 
clear. But I must save the SEALS under 
attack. I am now heading toward Strut B.
","Dead Cell revolted during the joint exercise 
with the SEALS. Vamp's intentions are not 
clear. But I must save the SEALS under 
attack. I am now heading toward Strut B.
"
0x8539,"SEALSの言い残した言葉によれば、ヴァンプの
次の狙いはシェル2にいるオブライエンだという。
ヴァンプを止めなければならない。シェル2へ
はD脚の北から渡ることが出来る。俺はD脚に
向かうことにした。
","SEALSの言い残した言葉によれば、ヴァンプの
次の狙いはシェル2にいるオブライエンだという。
ヴァンプを止めなければならない。シェル2へ
はD脚の北から渡ることが出来る。俺はD脚に
向かうことにした。
"
0x866b,"According to the last words of the SEAL, 
Vamp's next target is O'Brien, who is on 
the first floor of the Shell 2 Core. I head for 
Strut D to get to Shell 2.
","According to the last words of the SEAL, 
Vamp's next target is O'Brien, who is on 
the first floor of the Shell 2 Core. I head for 
Strut D to get to Shell 2.
"
0x870c,"Laut den letzten Worten des SEALs ist
Vamps nächstes Ziel O'Brien in Shell 2.
Ich gehe zu Strebe D, um zu Shell 2
zu kommen.
","Laut den letzten Worten des SEALs ist
Vamps nächstes Ziel O'Brien in Shell 2.
Ich gehe zu Strebe D, um zu Shell 2
zu kommen.
"
0x878b,"D'après les dernières paroles du SEAL,
O'Brien est la prochaine cible de Vamp.
Je vais donc à l'Etai D pour passer à
la Shell 2.
","D'après les dernières paroles du SEAL,
O'Brien est la prochaine cible de Vamp.
Je vais donc à l'Etai D pour passer à
la Shell 2.
"
0x8811,"Secondo le ultime parole del SEAL, il
prossimo bersaglio di Vamp è O'Brien,
in Shell 2. Vado verso il Supporto D per
arrivare a Shell 2.
","Secondo le ultime parole del SEAL, il
prossimo bersaglio di Vamp è O'Brien,
in Shell 2. Vado verso il Supporto D per
arrivare a Shell 2.
"
0x889c,"Según las últimas palabras de uno de
los SEALS, el próximo objetivo de Vamp
es O'Brien, que está en el Shell 2.
Me dirijo hacia el Soporte D para llegar
al Shell 2.
","Según las últimas palabras de uno de
los SEALS, el próximo objetivo de Vamp
es O'Brien, que está en el Shell 2.
Me dirijo hacia el Soporte D para llegar
al Shell 2.
"
0x8946,"According to the last words of the SEAL, 
Vamp's next target is O'Brien in Shell 2. 
I head for Strut D to get to Shell 2.
","According to the last words of the SEAL, 
Vamp's next target is O'Brien in Shell 2. 
I head for Strut D to get to Shell 2.
"
0x89c2,"SEALSの言い残した言葉によればヴァンプの
次の狙いはシェル2にいるオブライエンだという。
だがD脚からシェル2への扉は閉鎖されている。
残る道は海上のオイルフェンスを渡ることだ。
オイルフェンスへのハシゴはE脚B1にある。
","SEALSの言い残した言葉によればヴァンプの
次の狙いはシェル2にいるオブライエンだという。
だがD脚からシェル2への扉は閉鎖されている。
残る道は海上のオイルフェンスを渡ることだ。
オイルフェンスへのハシゴはE脚B1にある。
"
0x8b14,"Vamp's next target is O'Brien in Shell 2. 
The door from Strut D to Shell 2 is shut. 
The only way now is to cross the oil fence 
on the water. The ladder to the oil fence is 
on Level B1, Strut E.
","Vamp's next target is O'Brien in Shell 2. 
The door from Strut D to Shell 2 is shut. 
The only way now is to cross the oil fence 
on the water. The ladder to the oil fence is 
on Level B1, Strut E.
"
0x8bdb,"Vamps nächstes Ziel ist O'Brien in Shell 2.
Die Tür von Strebe D zu Shell 2 ist
geschlossen. Jetzt hilft nur noch das
Überqueren des Ölzauns auf dem Wasser.
Die Leiter zum Ölzaun befindet sich auf
Ebene B1, Strebe E.
","Vamps nächstes Ziel ist O'Brien in Shell 2.
Die Tür von Strebe D zu Shell 2 ist
geschlossen. Jetzt hilft nur noch das
Überqueren des Ölzauns auf dem Wasser.
Die Leiter zum Ölzaun befindet sich auf
Ebene B1, Strebe E.
"
0x8cba,"La prochaine cible de Vamp est O'Brien,
dans la Shell 2. La porte menant de l'Etai
D à la Shell 2 est fermée. Je n'ai plus
qu'à emprunter les barrières flottantes.
L'échelle est au niveau B1, Etai E.
","La prochaine cible de Vamp est O'Brien,
dans la Shell 2. La porte menant de l'Etai
D à la Shell 2 est fermée. Je n'ai plus
qu'à emprunter les barrières flottantes.
L'échelle est au niveau B1, Etai E.
"
0x8d88,"Il prossimo bersaglio di Vamp è O'Brien in
Shell 2. La porta dal Supporto D a Shell 2
è chiusa. Non resta che attraversare la
barriera antipetrolio sull'acqua. La scala
per arrivarci è sul Livello B1,
nel Supporto E.
","Il prossimo bersaglio di Vamp è O'Brien in
Shell 2. La porta dal Supporto D a Shell 2
è chiusa. Non resta che attraversare la
barriera antipetrolio sull'acqua. La scala
per arrivarci è sul Livello B1,
nel Supporto E.
"
0x8e65,"El próximo objetivo de Vamp es O'Brien,
que está en el Shell 2. La puerta del
Soporte D que lleva al Shell 2 está cerrada.
La única forma de llegar es cruzar la valla
de crudo que hay en el agua. La escalera
que lleva a la valla de crudo está en el
Nivel B1, del Soporte E.
","El próximo objetivo de Vamp es O'Brien,
que está en el Shell 2. La puerta del
Soporte D que lleva al Shell 2 está cerrada.
La única forma de llegar es cruzar la valla
de crudo que hay en el agua. La escalera
que lleva a la valla de crudo está en el
Nivel B1, del Soporte E.
"
0x8f7d,"Vamp's next target is O'Brien in Shell 2. 
The door from Strut D to Shell 2 is shut. 
The only way now is to cross the oil fence 
on the water. The ladder to the oil fence is 
on Level B1, Strut E.
","Vamp's next target is O'Brien in Shell 2. 
The door from Strut D to Shell 2 is shut. 
The only way now is to cross the oil fence 
on the water. The ladder to the oil fence is 
on Level B1, Strut E.
"
0x9044,"俺はオイルフェンスを渡り、シェル2L脚に到着
した。だがヴァンプは既にシェル2へ侵入して
いる。オブライエンが危ない。俺はオブライエン
がいるシェル2中央棟1階へ向かった。
","俺はオイルフェンスを渡り、シェル2L脚に到着
した。だがヴァンプは既にシェル2へ侵入して
いる。オブライエンが危ない。俺はオブライエン
がいるシェル2中央棟1階へ向かった。
"
0x9159,"I arrived at Shell 2. Vamp has already 
entered in Shell 2. O'Brien is in danger. 
O'Brien must still be on the first floor in 
the Shell 2 Core.
","I arrived at Shell 2. Vamp has already 
entered in Shell 2. O'Brien is in danger. 
O'Brien must still be on the first floor in 
the Shell 2 Core.
"
0x91ec,"Ich kam bei Shell 2 an. Vamp war bereits
in Shell 2. O'Brien ist in Gefahr. O'Brien
muss auf der ersten Etage im Kern von
Shell 2 sein.
","Ich kam bei Shell 2 an. Vamp war bereits
in Shell 2. O'Brien ist in Gefahr. O'Brien
muss auf der ersten Etage im Kern von
Shell 2 sein.
"
0x9275,"Je suis arrivé à la Shell 2. Vamp y est
déjà. O'Brien est en danger. Il doit être
au premier étage du noyau de la Shell 2.
","Je suis arrivé à la Shell 2. Vamp y est
déjà. O'Brien est en danger. Il doit être
au premier étage du noyau de la Shell 2.
"
0x92f7,"Sono arrivato a Shell 2. Vamp è già stato
in Shell 2. O'Brien è in pericolo. O'Brien 
dev'essere al primo piano nel centro di
Shell 2.
","Sono arrivato a Shell 2. Vamp è già stato
in Shell 2. O'Brien è in pericolo. O'Brien 
dev'essere al primo piano nel centro di
Shell 2.
"
0x9382,"He llegado al Shell 2. Vamp ya ha estado
aquí. O'Brien está en peligro. O'Brien
tiene que estar en el primer piso del
núcleo del Shell 2.
","He llegado al Shell 2. Vamp ya ha estado
aquí. O'Brien está en peligro. O'Brien
tiene que estar en el primer piso del
núcleo del Shell 2.
"
0x9410,"I arrived at Shell 2. Vamp has already been 
in Shell 2. O'Brien is in danger. O'Brien 
must be on the first floor in the Shell 2 Core.
","I arrived at Shell 2. Vamp has already been 
in Shell 2. O'Brien is in danger. O'Brien 
must be on the first floor in the Shell 2 Core.
"
0x9499,"オブライエンがいる空気清浄室の入口には、
床へ高圧電流を流すトラップが設置されていた。
オブライエンの安否を確かめるには、ダクトか
らリモコンミサイルを侵入させ室内の配電盤を
破壊しなければならない。
","オブライエンがいる空気清浄室の入口には、
床へ高圧電流を流すトラップが設置されていた。
オブライエンの安否を確かめるには、ダクトか
らリモコンミサイルを侵入させ室内の配電盤を
破壊しなければならない。
"
0x95ce,"Dolph says he lost contact with O'Brien. 
To confirm O'Brien's safety, I must shoot a 
remote-controlled missile through the ducts 
and destroy the power source in the air 
purification room.
","Dolph says he lost contact with O'Brien. 
To confirm O'Brien's safety, I must shoot a 
remote-controlled missile through the ducts 
and destroy the power source in the air 
purification room.
"
0x968f,"Dolph hat den Kontakt mit O'Brien
verloren. Ich muss mich vergewissern,
dass O'Brien sicher ist. Ich habe die 
Stromquelle zerstört. O'Brien ist im
Luftreinigungsraum. Jetzt blockiert
keine Falle mehr den Weg.
","Dolph hat den Kontakt mit O'Brien
verloren. Ich muss mich vergewissern,
dass O'Brien sicher ist. Ich habe die 
Stromquelle zerstört. O'Brien ist im
Luftreinigungsraum. Jetzt blockiert
keine Falle mehr den Weg.
"
0x9763,"Dolph a perdu le contact avec O'Brien.
Pour m'assurer qu'O'Brien est en sûreté,
je dois tirer un missile télécommandé
dans les conduites et détruire la source
d'alimentation de la salle.
","Dolph a perdu le contact avec O'Brien.
Pour m'assurer qu'O'Brien est en sûreté,
je dois tirer un missile télécommandé
dans les conduites et détruire la source
d'alimentation de la salle.
"
0x9825,"Dolph dice di avere perso i contatti con
O'Brien. Per accertarmi che O'Brien sta
bene, devo lanciare un missile tele-
comandato nei condotti e distruggere
la centralina nella stanza.
","Dolph dice di avere perso i contatti con
O'Brien. Per accertarmi che O'Brien sta
bene, devo lanciare un missile tele-
comandato nei condotti e distruggere
la centralina nella stanza.
"
0x98dd,"Dolph dice que ha perdido el contacto con
O'Brien. Para confirmar cómo está O'Brien,
tengo que disparar un misil por control
remoto a través de un conducto y así
destruir la fuente de energía de
la habitación.
","Dolph dice que ha perdido el contacto con
O'Brien. Para confirmar cómo está O'Brien,
tengo que disparar un misil por control
remoto a través de un conducto y así
destruir la fuente de energía de
la habitación.
"
0x99b6,"Dolph says he lost contact with O'Brien. 
To confirm O'Brien's safety, I must shoot a 
remote-controlled missile through the ducts 
and destroy the power source in the room.
","Dolph says he lost contact with O'Brien. 
To confirm O'Brien's safety, I must shoot a 
remote-controlled missile through the ducts 
and destroy the power source in the room.
"
0x9a65,"ドルフはオブライエンと連絡が途絶したという。
オブライエンの安否を確かめなければならない。
俺は配電盤の破壊に成功した。オブライエンが
いるという空気清浄室への道を阻むトラップも
無効になったはずだ。
","ドルフはオブライエンと連絡が途絶したという。
オブライエンの安否を確かめなければならない。
俺は配電盤の破壊に成功した。オブライエンが
いるという空気清浄室への道を阻むトラップも
無効になったはずだ。
"
0x9b9d,"Dolph says he lost contact with O'Brien. 
I must confirm O'Brien's safety. 
I successfully destroyed the power source. 
O'Brien is in the air purification room. 
There is no trap blocking the way anymore.
","Dolph says he lost contact with O'Brien. 
I must confirm O'Brien's safety. 
I successfully destroyed the power source. 
O'Brien is in the air purification room. 
There is no trap blocking the way anymore.
"
0x9c6b,"Dolph hat den Kontakt mit O'Brien verloren.
Ich muss mich vergewissern, dass O'Brien
sicher ist. Ich habe die Stromquelle zerstört.
O'Brien ist im Luftreinigungsraum. Jetzt
blockiert den Weg keine Falle mehr.
","Dolph hat den Kontakt mit O'Brien verloren.
Ich muss mich vergewissern, dass O'Brien
sicher ist. Ich habe die Stromquelle zerstört.
O'Brien ist im Luftreinigungsraum. Jetzt
blockiert den Weg keine Falle mehr.
"
0x9d3e,"Dolph dit qu'il a perdu le contact avec
O'Brien. Je dois m'assurer qu'O'Brien
est en sûreté. J'ai détruit la source
d'alimentation. O'Brien est dans la salle
de purification d'air. Plus rien ne bloque
le chemin.
","Dolph dit qu'il a perdu le contact avec
O'Brien. Je dois m'assurer qu'O'Brien
est en sûreté. J'ai détruit la source
d'alimentation. O'Brien est dans la salle
de purification d'air. Plus rien ne bloque
le chemin.
"
0x9e16,"Dolph dice di avere perso i contatti con
O'Brien. Devo accertarmi che O'Brien stia
bene. Ho distrutto la centralina. O'Brien si
trova nella sala di depurazione dell'aria.
Ora la via è libera.
","Dolph dice di avere perso i contatti con
O'Brien. Devo accertarmi che O'Brien stia
bene. Ho distrutto la centralina. O'Brien si
trova nella sala di depurazione dell'aria.
Ora la via è libera.
"
0x9ed8,"Dolph dice que ha perdido el contacto con
O'Brien. Tengo que confirmar cómo está
O'Brien. He conseguido destruir la fuente
de energía. O'Brien está en la Sala de
Purificación del Aire. Ya no hay ninguna
trampa que bloquee mi camino.
","Dolph dice que ha perdido el contacto con
O'Brien. Tengo que confirmar cómo está
O'Brien. He conseguido destruir la fuente
de energía. O'Brien está en la Sala de
Purificación del Aire. Ya no hay ninguna
trampa que bloquee mi camino.
"
0x9fc7,"Dolph says he lost contact with O'Brien. 
I must confirm O'Brien's safety. 
I successfully destroyed the power source. 
O'Brien is in the air purification room. 
There is no trap blocking the way anymore.
","Dolph says he lost contact with O'Brien. 
I must confirm O'Brien's safety. 
I successfully destroyed the power source. 
O'Brien is in the air purification room. 
There is no trap blocking the way anymore.
"
0xa095,"オブライエンは死んだ。ヴァンプはシェル2中央
棟地下1階に向かったという。奴の次の狙いは
ドルフなのか。ヴァンプを止めねばならない。
地下1階へはエレベー夕を使えば行けるはずだ。
","オブライエンは死んだ。ヴァンプはシェル2中央
棟地下1階に向かったという。奴の次の狙いは
ドルフなのか。ヴァンプを止めねばならない。
地下1階へはエレベー夕を使えば行けるはずだ。
"
0xa1b1,"O'Brien is dead. Supposedly Vamp had 
headed for Level B1, Shell 2 Core. 
Is Dolph his next target? I must stop Vamp. 
The elevator should take me to Level B1.
","O'Brien is dead. Supposedly Vamp had 
headed for Level B1, Shell 2 Core. 
Is Dolph his next target? I must stop Vamp. 
The elevator should take me to Level B1.
"
0xa252,"O'Brien ist tot. Wahrscheinlich war Vamp
nach Ebene B1, in den Kern von Shell 2
gegangen. Ist Dolph sein nächstes Ziel?
Ich muss Vamp aufhalten. Der Lift müsste
mich zur Ebene B1 bringen.
","O'Brien ist tot. Wahrscheinlich war Vamp
nach Ebene B1, in den Kern von Shell 2
gegangen. Ist Dolph sein nächstes Ziel?
Ich muss Vamp aufhalten. Der Lift müsste
mich zur Ebene B1 bringen.
"
0xa311,"O'Brien est mort. Vamp semblait aller vers
le niveau B1 du noyau de la Shell 2. Quelle
est sa prochaine cible ? Dolph ? Je dois
l'arrêter. L'ascenseur doit mener au
niveau B1.
","O'Brien est mort. Vamp semblait aller vers
le niveau B1 du noyau de la Shell 2. Quelle
est sa prochaine cible ? Dolph ? Je dois
l'arrêter. L'ascenseur doit mener au
niveau B1.
"
0xa3c3,"O'Brien è morto. Vamp sarà diretto verso
il Livello B1 nel centro di Shell 2. È Dolph
il suo prossimo bersaglio? Devo fermare
Vamp. L'ascensore mi porterà al Livello
B1.
","O'Brien è morto. Vamp sarà diretto verso
il Livello B1 nel centro di Shell 2. È Dolph
il suo prossimo bersaglio? Devo fermare
Vamp. L'ascensore mi porterà al Livello
B1.
"
0xa472,"O'Brien está muerto. Al parecer Vamp
se ha ido hacia el nivel B1 del núcleo del
Shell 2. ¿Será Dolph su próximo objetivo?
Tengo que detener a Vamp. El ascensor
debería de conducirme hasta el Nivel B1.
","O'Brien está muerto. Al parecer Vamp
se ha ido hacia el nivel B1 del núcleo del
Shell 2. ¿Será Dolph su próximo objetivo?
Tengo que detener a Vamp. El ascensor
debería de conducirme hasta el Nivel B1.
"
0xa542,"O'Brien is dead. Supposedly Vamp had 
headed for Level B1, Shell 2 Core. 
Is Dolph his next target? I must stop Vamp. 
The elevator should take me to Level B1.
","O'Brien is dead. Supposedly Vamp had 
headed for Level B1, Shell 2 Core. 
Is Dolph his next target? I must stop Vamp. 
The elevator should take me to Level B1.
"
0xa5e3,"シェル2中央棟地下1階で俺はヴァンプと遭遇
した。ジャクソンの汚職が事実だと告げる俺。
だがヴァンプは問答無用で襲いかかってきた。
もはや戦う以外に道はない。
","シェル2中央棟地下1階で俺はヴァンプと遭遇
した。ジャクソンの汚職が事実だと告げる俺。
だがヴァンプは問答無用で襲いかかってきた。
もはや戦う以外に道はない。
"
0xa6e3,"I encountered Vamp on Level B1. I told him 
that Jackson's corruption accusation was 
true. But Vamp did not waste his breath and 
attacked me.
","I encountered Vamp on Level B1. I told him 
that Jackson's corruption accusation was 
true. But Vamp did not waste his breath and 
attacked me.
"
0xa774,"Ich traf Vamp auf Ebene B1. Ich sagte ihm,
dass Jacksons Korruptionsvorwurf wahr
sei. Aber Vamp zögerte keine Sekunde
und griff mich an.
","Ich traf Vamp auf Ebene B1. Ich sagte ihm,
dass Jacksons Korruptionsvorwurf wahr
sei. Aber Vamp zögerte keine Sekunde
und griff mich an.
"
0xa7ff,"Je suis tombé sur Vamp au niveau B1.
Je lui ai dit que l'accusation de corruption
portée contre Jackson était fondée.
Mais Vamp m'a attaqué.
","Je suis tombé sur Vamp au niveau B1.
Je lui ai dit que l'accusation de corruption
portée contre Jackson était fondée.
Mais Vamp m'a attaqué.
"
0xa892,"Ho incontrato Vamp sul Livello B1. Gli ho
detto che l'accusa di corruzione di Jackson
era vera, ma Vamp non ha sprecato il fiato
e mi ha attaccato.
","Ho incontrato Vamp sul Livello B1. Gli ho
detto che l'accusa di corruzione di Jackson
era vera, ma Vamp non ha sprecato il fiato
e mi ha attaccato.
"
0xa927,"He encontrado a Vamp en el nivel B1.
Le he contado que las acusaciones de 
corrupción que recaían sobre Jackson
eran ciertas. No se ha molestado en 
contestarme, me ha atacado.
","He encontrado a Vamp en el nivel B1.
Le he contado que las acusaciones de 
corrupción que recaían sobre Jackson
eran ciertas. No se ha molestado en 
contestarme, me ha atacado.
"
0xa9db,"I encountered Vamp on Level B1. I told him 
that Jackson's corruption accusation was 
true. But Vamp did not waste his breath and 
attacked me.
","I encountered Vamp on Level B1. I told him 
that Jackson's corruption accusation was 
true. But Vamp did not waste his breath and 
attacked me.
"
0xaa6c,"今回の任務はオ夕コン曰く謎の怪獣ゴルルゴン
の写真を撮影することだ。ゴルルゴンはこの
AB連絡橋でしばしば目撃されているという。
","今回の任務はオ夕コン曰く謎の怪獣ゴルルゴン
の写真を撮影することだ。ゴルルゴンはこの
AB連絡橋でしばしば目撃されているという。
"
0xab2c,"My mission is to take a photo of ""Gurlugon,"" 
a mysterious monster.  Supposedly, Gurlugon 
has been spotted many times near the AB 
connecting bridge.
","My mission is to take a photo of ""Gurlugon,"" 
a mysterious monster.  Supposedly, Gurlugon 
has been spotted many times near the AB 
connecting bridge.
"
0xabc4,"Meine Mission besteht darin, ein Foto
von ""Gurlugon"" zu machen, dem
geheimnisvollen Monster laut Otacon. 
Gurlugon soll oft bei dieser AB-
Verbindungsbrücke gesichtet worden sein.
","Meine Mission besteht darin, ein Foto
von ""Gurlugon"" zu machen, dem
geheimnisvollen Monster laut Otacon. 
Gurlugon soll oft bei dieser AB-
Verbindungsbrücke gesichtet worden sein.
"
0xac7a,"J'ai pour mission de prendre une photo de
« Gurlugon », le monstre mystérieux dont 
m'a parlé Otacon. Gurlugon aurait été
vu plusieurs fois près de la passerelle
de connexion AB.
","J'ai pour mission de prendre une photo de
« Gurlugon », le monstre mystérieux dont 
m'a parlé Otacon. Gurlugon aurait été
vu plusieurs fois près de la passerelle
de connexion AB.
"
0xad35,"La mia missione è scattare una foto di
""Gurlugon"", il misterioso mostro secondo
Otacon. Gurlugon sarà stato visto molte
volte vicino a questo ponte di collegamento
AB.
","La mia missione è scattare una foto di
""Gurlugon"", il misterioso mostro secondo
Otacon. Gurlugon sarà stato visto molte
volte vicino a questo ponte di collegamento
AB.
"
0xade0,"Mi misión consiste en sacar una foto del
""Gurlugon"", según Otacon un monstruo 
misterioso. Al parecer, Gurlugon ha sido
visto en numerosas ocasiones en el puente
de conexión AB.
","Mi misión consiste en sacar una foto del
""Gurlugon"", según Otacon un monstruo 
misterioso. Al parecer, Gurlugon ha sido
visto en numerosas ocasiones en el puente
de conexión AB.
"
0xae96,"My mission is to take a photo of ""Gurlugon"" 
-- the mysterious monster according to 
Otacon. Supposedly, Gurlugon has been 
spotted many times by this AB connecting 
bridge.
","My mission is to take a photo of ""Gurlugon"" 
-- the mysterious monster according to 
Otacon. Supposedly, Gurlugon has been 
spotted many times by this AB connecting 
bridge.
"
0xaf45,"俺はゴルルゴン探索のため『ビッグ・シェル』
に降り立つことになった。まずはゴルルゴンを
見つけなければならない。
","俺はゴルルゴン探索のため『ビッグ・シェル』
に降り立つことになった。まずはゴルルゴンを
見つけなければならない。
"
0xb000,"I have come to Big Shell to look for 
Gurlugon. I must find Gurlugon.
","I have come to Big Shell to look for 
Gurlugon. I must find Gurlugon.
"
0xb047,"Ich bin zu ""Big Shell"" gekommen,
um nach Gurlugon zu suchen.
Zunächst muss ich Gurlugon finden.
","Ich bin zu ""Big Shell"" gekommen,
um nach Gurlugon zu suchen.
Zunächst muss ich Gurlugon finden.
"
0xb0a9,"Je suis venu dans la Big Shell pour
y chercher Gurlugon. Je dois trouver
Gurlugon.
","Je suis venu dans la Big Shell pour
y chercher Gurlugon. Je dois trouver
Gurlugon.
"
0xb0fd,"Sono venuto sulla ""Big Shell"" alla ricerca
di Gurlugon. Devo prima trovare Gurlugon.
","Sono venuto sulla ""Big Shell"" alla ricerca
di Gurlugon. Devo prima trovare Gurlugon.
"
0xb153,"He venido al ""Big Shell"" para buscar
a Gurlugon. Antes de nada, tengo que
encontrar a Gurlugon.
","He venido al ""Big Shell"" para buscar
a Gurlugon. Antes de nada, tengo que
encontrar a Gurlugon.
"
0xb1b4,"I have come to the ""Big Shell"" for the search 
of Gurlugon. I must first find Gurlugon.
","I have come to the ""Big Shell"" for the search 
of Gurlugon. I must first find Gurlugon.
"
0xb20d,"俺はゴルルゴン探索のため『ビッグ・シェル』
に降り立つことになった。まずはゴルルゴンを
見つけなければならない。オ夕コンが言うには、
ゴルルゴンはAB連絡橋でよく目撃されるらしい。
","俺はゴルルゴン探索のため『ビッグ・シェル』
に降り立つことになった。まずはゴルルゴンを
見つけなければならない。オ夕コンが言うには、
ゴルルゴンはAB連絡橋でよく目撃されるらしい。
"
0xb32e,"I have come to Big Shell to look for 
Gurlugon. I must find Gurlugon. According to 
Otacon, Gurlugon is often spotted near the 
AB connecting bridge.
","I have come to Big Shell to look for 
Gurlugon. I must find Gurlugon. According to 
Otacon, Gurlugon is often spotted near the 
AB connecting bridge.
"
0xb3c5,"Ich bin zu ""Big Shell"" gekommen, um
nach Gurlugon zu suchen. Zunächst
muss ich Gurlugon finden. Laut Otacon
wird Gurlugon oft bei der
AB-Verbindungsbrücke gesichtet.
","Ich bin zu ""Big Shell"" gekommen, um
nach Gurlugon zu suchen. Zunächst
muss ich Gurlugon finden. Laut Otacon
wird Gurlugon oft bei der
AB-Verbindungsbrücke gesichtet.
"
0xb46e,"Je suis venu dans la Big Shell pour
y chercher Gurlugon. Je dois trouver
Gurlugon. D'après Otacon, Gurlugon
a été vu plusieurs fois près de
la passerelle de connexion AB.
","Je suis venu dans la Big Shell pour
y chercher Gurlugon. Je dois trouver
Gurlugon. D'après Otacon, Gurlugon
a été vu plusieurs fois près de
la passerelle de connexion AB.
"
0xb51e,"Sono venuto sulla ""Big Shell"" per cercare
Gurlugon. Devo prima trovare Gurlugon.
Secondo Otacon, Gurlugon è stato visto
spesso presso il ponte di collegamento AB.
","Sono venuto sulla ""Big Shell"" per cercare
Gurlugon. Devo prima trovare Gurlugon.
Secondo Otacon, Gurlugon è stato visto
spesso presso il ponte di collegamento AB.
"
0xb5c3,"He venido al ""Big Shell"" para buscar a
Gurlugon. Antes de nada, tengo que
encontrar a Gurlugon. Según Otacon,
Gurlugon ha sido visto en numerosas
ocasiones en el puente de conexión AB.
","He venido al ""Big Shell"" para buscar a
Gurlugon. Antes de nada, tengo que
encontrar a Gurlugon. Según Otacon,
Gurlugon ha sido visto en numerosas
ocasiones en el puente de conexión AB.
"
0xb67f,"I have come to the ""Big Shell"" for the search 
of Gurlugon. I must first find Gurlugon. 
According to Otacon, Gurlugon is often 
spotted by the AB connecting bridge.
","I have come to the ""Big Shell"" for the search 
of Gurlugon. I must first find Gurlugon. 
According to Otacon, Gurlugon is often 
spotted by the AB connecting bridge.
"
0xb726,"眼下で巨大な怪獣が泳ぎ回る。信じがたいこと
だが、こうなったら写真を撮るしかない。奴が
浮上した瞬間がいいだろう。近すぎても遠すぎ
てもいけない。オ夕コンも唸るような写真を
撮ってやる。
","眼下で巨大な怪獣が泳ぎ回る。信じがたいこと
だが、こうなったら写真を撮るしかない。奴が
浮上した瞬間がいいだろう。近すぎても遠すぎ
てもいけない。オ夕コンも唸るような写真を
撮ってやる。
"
0xb84f,"This is unbelievable, but I guess I should be 
taking photos. The best moment is when it 
comes above the surface. I shouldn't be too 
near or far from it. I'm gonna take a photo 
good enough to make Otacon grunt.
","This is unbelievable, but I guess I should be 
taking photos. The best moment is when it 
comes above the surface. I shouldn't be too 
near or far from it. I'm gonna take a photo 
good enough to make Otacon grunt.
"
0xb926,"Das ist ja unglaublich, aber ich sollte wohl
Fotos machen. Der beste Moment ist, wenn
es auftaucht. Ich sollte nicht zu nahe dran
und auch nicht zu weit weg sein. Ich werde
ein gutes Foto machen, damit Otacon sich
freut.
","Das ist ja unglaublich, aber ich sollte wohl
Fotos machen. Der beste Moment ist, wenn
es auftaucht. Ich sollte nicht zu nahe dran
und auch nicht zu weit weg sein. Ich werde
ein gutes Foto machen, damit Otacon sich
freut.
"
0xba04,"Incroyable mais vrai. Je devrais prendre
des photos. Le meilleur moment, c'est
quand il sort sa tête de l'eau. Je dois me
tenir ni trop près, ni trop loin. Je vais
prendre une photo qui en fera baver Otacon.
","Incroyable mais vrai. Je devrais prendre
des photos. Le meilleur moment, c'est
quand il sort sa tête de l'eau. Je dois me
tenir ni trop près, ni trop loin. Je vais
prendre une photo qui en fera baver Otacon.
"
0xbad7,"È incredibile, ma penso che dovrei
scattare le foto. Il momento migliore è
quando viene in superficie. Non devo
stargli troppo vicino né troppo lontano.
Vedrai che foto, caro il mio Otacon...
","È incredibile, ma penso che dovrei
scattare le foto. Il momento migliore è
quando viene in superficie. Non devo
stargli troppo vicino né troppo lontano.
Vedrai che foto, caro il mio Otacon...
"
0xbb9b,"Esto es increíble, pero supongo que debería
de sacar fotos. El mejor momento es
cuando sale de la superficie. No tengo que
estar ni muy cerca, ni muy lejos. Voy a
sacar una foto lo suficientemente buena,
como para dejar a Otacon con la boca
abierta.
","Esto es increíble, pero supongo que debería
de sacar fotos. El mejor momento es
cuando sale de la superficie. No tengo que
estar ni muy cerca, ni muy lejos. Voy a
sacar una foto lo suficientemente buena,
como para dejar a Otacon con la boca
abierta.
"
0xbc98,"This is unbelievable, but I guess I should be 
taking photos. The best moment is when it 
comes above the surface. I shouldn't be too 
near or far from it. I'm gonna take a photo 
good enough to make Otacon grunt.
","This is unbelievable, but I guess I should be 
taking photos. The best moment is when it 
comes above the surface. I shouldn't be too 
near or far from it. I'm gonna take a photo 
good enough to make Otacon grunt.
"
0xbd6f,"写真を撮り終えた俺は武装集団の襲撃を受けた。
奴等は何者なのか？だが考えている時間はない。
今は奴等を倒すしかないだろう。
","写真を撮り終えた俺は武装集団の襲撃を受けた。
奴等は何者なのか？だが考えている時間はない。
今は奴等を倒すしかないだろう。
"
0xbe30,"After I took a photo, I was attacked by an 
armed group. Who the hell are they? Now 
is no time for questions. I'll have to take 
them out first.
","After I took a photo, I was attacked by an 
armed group. Who the hell are they? Now 
is no time for questions. I'll have to take 
them out first.
"
0xbec3,"Nachdem ich ein Foto gemacht hatte,
wurde ich von einer Gruppe Bewaffneter
angegriffen. Wer sind die nur? Jetzt ist 
keine Zeit für Fragen. Zunächst muss
ich sie ausschalten.
","Nachdem ich ein Foto gemacht hatte,
wurde ich von einer Gruppe Bewaffneter
angegriffen. Wer sind die nur? Jetzt ist 
keine Zeit für Fragen. Zunächst muss
ich sie ausschalten.
"
0xbf75,"J'ai pris une photo et soudain un groupe
armé m'a attaqué. Qui sont-ils ? Bon,
je n'ai pas le temps de me poser des
questions. Je dois d'abord les éliminer.
","J'ai pris une photo et soudain un groupe
armé m'a attaqué. Qui sont-ils ? Bon,
je n'ai pas le temps de me poser des
questions. Je dois d'abord les éliminer.
"
0xc016,"Dopo avere scattato una foto, sono stato
attaccato da un gruppo armato. Chi diavolo
sono quelli? Ora non ho tempo per le
domande. Devo prima farli fuori.
","Dopo avere scattato una foto, sono stato
attaccato da un gruppo armato. Chi diavolo
sono quelli? Ora non ho tempo per le
domande. Devo prima farli fuori.
"
0xc0b1,"Después de sacar la foto, he sido atacado
por un grupo armado. ¿Quién demonios 
son? Ahora no es momento de cuestionar
eso. Antes tengo que reducirlos.
","Después de sacar la foto, he sido atacado
por un grupo armado. ¿Quién demonios 
son? Ahora no es momento de cuestionar
eso. Antes tengo que reducirlos.
"
0xc14d,"After I took a photo, I have been attacked 
by an armed group. Who the hell are they? 
Now is no time for questions. I must first 
take them out.
","After I took a photo, I have been attacked 
by an armed group. Who the hell are they? 
Now is no time for questions. I must first 
take them out.
"
0xc1e0,"メイ・リンは、VR内でゴルルゴンを倒せば現
実のゴルルゴンも消滅するのではないかという。
乱暴過ぎる理論だと思ったが、結局俺はVRで
ゴルルゴンと戦うことになった。
","メイ・リンは、VR内でゴルルゴンを倒せば現
実のゴルルゴンも消滅するのではないかという。
乱暴過ぎる理論だと思ったが、結局俺はVRで
ゴルルゴンと戦うことになった。
"
0xc2dc,"Mei Ling suggests that Gurlugon in real life 
will disappear if Gurlugon is defeated in VR. 
I thought her logic was too radical, 
but I ended up facing Gurlugon in VR.
","Mei Ling suggests that Gurlugon in real life 
will disappear if Gurlugon is defeated in VR. 
I thought her logic was too radical, 
but I ended up facing Gurlugon in VR.
"
0xc386,"Laut Mei Ling wird Gurlugon im realen
Leben verschwinden, wenn Gurlugon in
der VR besiegt wird. Ich fand ihre Logik
zu radikal, aber dann begegnete ich
Gurlugon in der VR.
","Laut Mei Ling wird Gurlugon im realen
Leben verschwinden, wenn Gurlugon in
der VR besiegt wird. Ich fand ihre Logik
zu radikal, aber dann begegnete ich
Gurlugon in der VR.
"
0xc433,"Mei Ling dit que Gurlugon disparaîtra
dans la réalité si on l'abat en RV. Je
trouvais sa logique quelque peu forcée,
mais je me suis retrouvé face à face
avec Gurlugon en RV.
","Mei Ling dit que Gurlugon disparaîtra
dans la réalité si on l'abat en RV. Je
trouvais sa logique quelque peu forcée,
mais je me suis retrouvé face à face
avec Gurlugon en RV.
"
0xc4e9,"Mei Ling dice che nella vita reale Gurlugon
scomparirà se sarà sconfitto in RV. La
sua logica mi sembrava troppo radicale,
ma alla fine ho affrontato Gurlugon in RV.
","Mei Ling dice che nella vita reale Gurlugon
scomparirà se sarà sconfitto in RV. La
sua logica mi sembrava troppo radicale,
ma alla fine ho affrontato Gurlugon in RV.
"
0xc592,"Mei Ling piensa que el Gurlugon de verdad
desaparecerá si lo vencemos en Realidad 
Virtual (RV). Pensé que su razonamiento
era demasiado radical, pero acabé 
enfrentándome a Gurlugon en RV.
","Mei Ling piensa que el Gurlugon de verdad
desaparecerá si lo vencemos en Realidad 
Virtual (RV). Pensé que su razonamiento
era demasiado radical, pero acabé 
enfrentándome a Gurlugon en RV.
"
0xc655,"Mei Ling suggests that Gurlugon in real life 
will disappear if Gurlugon is defeated in VR. 
I thought her logic was too radical, 
but I ended up facing Gurlugon in VR.
","Mei Ling suggests that Gurlugon in real life 
will disappear if Gurlugon is defeated in VR. 
I thought her logic was too radical, 
but I ended up facing Gurlugon in VR.
"
0xc6ff,"特異点へ辿り着いた俺の前に、ソリダスが放っ
たRAYの大群が現れる。オ夕コンが作業を完
了するまで後少し。それまでRAYを倒し続ける
しかない。
","特異点へ辿り着いた俺の前に、ソリダスが放っ
たRAYの大群が現れる。オ夕コンが作業を完
了するまで後少し。それまでRAYを倒し続ける
しかない。
"
0xc7d6,"When I arrived at the singularity, a bunch 
of RAYs sent by Solidus appeared in front 
of me. Otacon needs time to complete his 
operation. I have no choice but to fight these 
RAYs.
","When I arrived at the singularity, a bunch 
of RAYs sent by Solidus appeared in front 
of me. Otacon needs time to complete his 
operation. I have no choice but to fight these 
RAYs.
"
0xc88e,"Als ich am singulären Punkt ankam, tauchte
vor mir ein ganzer Haufen RAY-Einheiten
auf, die Solidus geschickt hatte. Otacon
braucht noch mehr Zeit, um seine Operation
zu beenden. Ich habe keine Wahl und muss
mit diesen RAY-Einheiten weiterkämpfen.
","Als ich am singulären Punkt ankam, tauchte
vor mir ein ganzer Haufen RAY-Einheiten
auf, die Solidus geschickt hatte. Otacon
braucht noch mehr Zeit, um seine Operation
zu beenden. Ich habe keine Wahl und muss
mit diesen RAY-Einheiten weiterkämpfen.
"
0xc989,"Arrivé à un certain point, je me suis trouvé
face à un groupe de RAY envoyés par
Solidus. Otacon a besoin de temps pour
mener son opération à bien. Je n'ai pas
le choix : je dois continuer à lutter contre
ces RAY.
","Arrivé à un certain point, je me suis trouvé
face à un groupe de RAY envoyés par
Solidus. Otacon a besoin de temps pour
mener son opération à bien. Je n'ai pas
le choix : je dois continuer à lutter contre
ces RAY.
"
0xca68,"Arrivato al punto cruciale, mi si è parato
davanti un gruppo di RAY inviati da Solidus.
Otacon ha bisogno di più tempo per
completare l'operazione. Non ho scelta:
devo continuare a combattere contro
questi RAY.
","Arrivato al punto cruciale, mi si è parato
davanti un gruppo di RAY inviati da Solidus.
Otacon ha bisogno di più tempo per
completare l'operazione. Non ho scelta:
devo continuare a combattere contro
questi RAY.
"
0xcb3e,"Cuando llegué a ese lugar tan singular,
un grupo de RAYs, enviados por Solidus,
ha aparecido delante de mí. Para
completar su operación, Otacon necesita
más tiempo. No tengo otra alternativa,
tengo que seguir luchando contra estos
RAYs.
","Cuando llegué a ese lugar tan singular,
un grupo de RAYs, enviados por Solidus,
ha aparecido delante de mí. Para
completar su operación, Otacon necesita
más tiempo. No tengo otra alternativa,
tengo que seguir luchando contra estos
RAYs.
"
0xcc30,"When I arrived at the singularity, a bunch of 
RAYs sent by Solidus have appeared in front 
of me. Otacon needs some more time to 
complete his operation. I have no choice but 
to keep on fighting these RAYs.
","When I arrived at the singularity, a bunch of 
RAYs sent by Solidus have appeared in front 
of me. Otacon needs some more time to 
complete his operation. I have no choice but 
to keep on fighting these RAYs.
"
0xcd02,"宇宙は修復されはじめたようだ。だが帰還を
待つ俺の前に、ソリダスが最後の闘いを挑む
べく立ちふさがる。俺の制止の言葉はもはや
奴には届かなかった。
","宇宙は修復されはじめたようだ。だが帰還を
待つ俺の前に、ソリダスが最後の闘いを挑む
べく立ちふさがる。俺の制止の言葉はもはや
奴には届かなかった。
"
0xcde8,"The universe is now being repaired. As I 
wait for my moment of return, Solidus stands 
in front of me to challenge me to the final 
battle. He no longer cares to listen to reason.
","The universe is now being repaired. As I 
wait for my moment of return, Solidus stands 
in front of me to challenge me to the final 
battle. He no longer cares to listen to reason.
"
0xce9e,"Das Universum wird jetzt repariert. Ich
warte auf den Moment meiner Rückkehr 
da steht Solidus vor mir und fordert mich
zur letzten Schlacht heraus. Er lässt sich
nicht mehr von meinen Worten zurückhalten.
","Das Universum wird jetzt repariert. Ich
warte auf den Moment meiner Rückkehr 
da steht Solidus vor mir und fordert mich
zur letzten Schlacht heraus. Er lässt sich
nicht mehr von meinen Worten zurückhalten.
"
0xcf70,"L'univers est en pleine réparation. Tandis
que j'attends le moment de mon retour,
Solidus se tient devant moi, prêt pour une
ultime bataille. J'essaie de le retenir, mais
il ne prête plus l'oreille à mes paroles.
","L'univers est en pleine réparation. Tandis
que j'attends le moment de mon retour,
Solidus se tient devant moi, prêt pour une
ultime bataille. J'essaie de le retenir, mais
il ne prête plus l'oreille à mes paroles.
"
0xd04a,"L'universo è tornato alla normalità.
Mentre attendo il momento del mio ritorno,
Solidus mi si piazza davanti e mi sfida nella
battaglia finale. Cerco di fermarlo, ma non
mi sta più a sentire.
","L'universo è tornato alla normalità.
Mentre attendo il momento del mio ritorno,
Solidus mi si piazza davanti e mi sfida nella
battaglia finale. Cerco di fermarlo, ma non
mi sta più a sentire.
"
0xd10e,"El universo ya está siendo reparado. Y
mientras espero el momento de volver,
Solidus se coloca delante de mí y me
reta, dice que será la batalla final. Ya
no puedo contenerle sólo con palabras.
","El universo ya está siendo reparado. Y
mientras espero el momento de volver,
Solidus se coloca delante de mí y me
reta, dice que será la batalla final. Ya
no puedo contenerle sólo con palabras.
"
0xd1d5,"The universe is now being repaired. 
As I wait for my moment of return, Solidus 
stands in front of me to challenge me to the 
final battle. He no longer lends his ear to my 
words to hold him back.
","The universe is now being repaired. 
As I wait for my moment of return, Solidus 
stands in front of me to challenge me to the 
final battle. He no longer lends his ear to my 
words to hold him back.
"
0xd29d,制限時間,制限時間
0xd2aa,TIME LIMIT:,TIME LIMIT:
0xd2b6,DELAI :,DELAI :
0xd2be,ZEITLIMIT :,ZEITLIMIT :
0xd2ca,TEMPO LIMITE:,TEMPO LIMITE:
0xd2d8,LÍMITE DE TIEMPO:,LÍMITE DE TIEMPO:
0xd2eb,TIME LIMIT:,TIME LIMIT:
0xd2f7,分,分
0xd2fb,min,min
0xd2ff,min,min
0xd303,Min,Min
0xd307,min,min
0xd30b,Min,Min
0xd30f,min,min
0xd313,秒,秒
0xd317,sec,sec
0xd31b,s,s
0xd31d,Sek,Sek
0xd321,sec,sec
0xd325,Seg,Seg
0xd329,sec,sec
0xd32d,敵兵数　,敵兵数　
0xd33a,ENEMIES :,ENEMIES :
0xd344,ENNEMIS :,ENNEMIS :
0xd34e,FEINDE :,FEINDE :
0xd357,NEMICI :,NEMICI :
0xd360,ENEMIGOS :,ENEMIGOS :
0xd36b,ENEMIES :,ENEMIES :
0xd375,人,人
0xd379,　,　
0xd37d,　,　
0xd381,　,　
0xd385,　,　
0xd389,　,　
0xd38d,　,　
0xd391,標的数　,標的数　
0xd39e,TARGETS :,TARGETS :
0xd3a8,CIBLES :,CIBLES :
0xd3b1,ZIELE :,ZIELE :
0xd3b9,BERSAGLI :,BERSAGLI :
0xd3c4,BLANCOS :,BLANCOS :
0xd3ce,TARGETS :,TARGETS :
0xd3d8,個,個
0xd3dc,　,　
0xd3e0,　,　
0xd3e4,　,　
0xd3e8,　,　
0xd3ec,　,　
0xd3f0,　,　
0xd3f4,爆弾数　,爆弾数　
0xd401,BOMBS :,BOMBS :
0xd409,BOMBES :,BOMBES :
0xd412,BOMBEN :,BOMBEN :
0xd41b,BOMBE :,BOMBE :
0xd423,BOMBAS :,BOMBAS :
0xd42c,BOMBS :,BOMBS :
0xd434,"誰にも見つからないようにゴールせよ！
イントルードも有効だ。
","誰にも見つからないようにゴールせよ！
イントルードも有効だ。
"
0xd494,"Get to the goal without being discovered!
Keep in mind INTRUSION is effective.
","Get to the goal without being discovered!
Keep in mind INTRUSION is effective.
"
0xd4e4,"Erreichen Sie das Ziel, ohne entdeckt zu 
werden! EINDRING-Modus (INTRUSION)
ist eine wirksame Methode.
","Erreichen Sie das Ziel, ohne entdeckt zu 
werden! EINDRING-Modus (INTRUSION)
ist eine wirksame Methode.
"
0xd54d,"Atteignez l'objectif sans vous faire 
repérer ! Pensez au mode INTRUSION. 
C'est efficace !
","Atteignez l'objectif sans vous faire 
repérer ! Pensez au mode INTRUSION. 
C'est efficace !
"
0xd5ab,"Arriva alla meta senza farti scoprire!
Ricordati: l'INCURSIONE è efficace.
","Arriva alla meta senza farti scoprire!
Ricordati: l'INCURSIONE è efficace.
"
0xd5f8,"¡Llega hasta el objetivo sin ser 
descubierto! Recuerda que el modo 
INTRUSIÓN es muy útil.
","¡Llega hasta el objetivo sin ser 
descubierto! Recuerda que el modo 
INTRUSIÓN es muy útil.
"
0xd658,"Get to the goal without being discovered!
Keep in mind INTRUSION is effective.
","Get to the goal without being discovered!
Keep in mind INTRUSION is effective.
"
0xffffffff,,
