0x5e0,"エイムズはこのF脚内のどこかにいる。だが
彼は敵から姿を隠しているはずだ。俺が敵に
追われている状態では姿を現さないだろう。
見つからないようにエイムズを探さなければ
ならない。
","エイムズはこのF脚内のどこかにいる。だが
彼は敵から姿を隠しているはずだ。俺が敵に
追われている状態では姿を現さないだろう。
見つからないようにエイムズを探さなければ
ならない。
"
0x6ef,"Ames is somewhere here in Strut F. 
He must be hiding himself from the enemy. 
He won't come out if I'm being chased by 
the enemy. I have to find him without being 
spotted.
","Ames is somewhere here in Strut F. 
He must be hiding himself from the enemy. 
He won't come out if I'm being chased by 
the enemy. I have to find him without being 
spotted.
"
0x79f,"Ames is somewhere here in Strut F. 
He must be hiding himself from the enemy. 
He won't come out if I'm being chased by 
the enemy. I have to find him without being 
spotted.
","Ames is somewhere here in Strut F. 
He must be hiding himself from the enemy. 
He won't come out if I'm being chased by 
the enemy. I have to find him without being 
spotted.
"
0x84f,"Ames is somewhere here in Strut F. 
He must be hiding himself from the enemy. 
He won't come out if I'm being chased by 
the enemy. I have to find him without being 
spotted.
","Ames is somewhere here in Strut F. 
He must be hiding himself from the enemy. 
He won't come out if I'm being chased by 
the enemy. I have to find him without being 
spotted.
"
0x8ff,"Ames is somewhere here in Strut F. 
He must be hiding himself from the enemy. 
He won't come out if I'm being chased by 
the enemy. I have to find him without being 
spotted.
","Ames is somewhere here in Strut F. 
He must be hiding himself from the enemy. 
He won't come out if I'm being chased by 
the enemy. I have to find him without being 
spotted.
"
0x9af,"Ames is somewhere here in Strut F. 
He must be hiding himself from the enemy. 
He won't come out if I'm being chased by 
the enemy. I have to find him without being 
spotted.
","Ames is somewhere here in Strut F. 
He must be hiding himself from the enemy. 
He won't come out if I'm being chased by 
the enemy. I have to find him without being 
spotted.
"
0xa5f,"Ames is somewhere here in Strut F. 
He must be hiding himself from the enemy. 
He won't come out if I'm being chased by 
the enemy. I have to find him without being 
spotted.
","Ames is somewhere here in Strut F. 
He must be hiding himself from the enemy. 
He won't come out if I'm being chased by 
the enemy. I have to find him without being 
spotted.
"
0xb0f,"俺は『ビッグ・シェル』への潜入に成功した。
まずは内部協力者のエイムズと接触して情報を
入手するのが先決だ。大佐によれば、エイムズ
はF脚にいるという。
","俺は『ビッグ・シェル』への潜入に成功した。
まずは内部協力者のエイムズと接触して情報を
入手するのが先決だ。大佐によれば、エイムズ
はF脚にいるという。
"
0xc05,"I successfully made it into Big Shell. 
I should first get in touch with informant 
Ames and obtain information. According to 
the Colonel, Ames is in Strut F.
","I successfully made it into Big Shell. 
I should first get in touch with informant 
Ames and obtain information. According to 
the Colonel, Ames is in Strut F.
"
0xca6,"I successfully made it into ""Big Shell."" 
I should first get in touch with informant 
Ames and obtain information. According to 
Colonel, Ames is in Strut F.
","I successfully made it into ""Big Shell."" 
I should first get in touch with informant 
Ames and obtain information. According to 
Colonel, Ames is in Strut F.
"
0xd45,"I successfully made it into ""Big Shell."" 
I should first get in touch with informant 
Ames and obtain information. According to 
Colonel, Ames is in Strut F.
","I successfully made it into ""Big Shell."" 
I should first get in touch with informant 
Ames and obtain information. According to 
Colonel, Ames is in Strut F.
"
0xde4,"I successfully made it into ""Big Shell."" 
I should first get in touch with informant 
Ames and obtain information. According to 
Colonel, Ames is in Strut F.
","I successfully made it into ""Big Shell."" 
I should first get in touch with informant 
Ames and obtain information. According to 
Colonel, Ames is in Strut F.
"
0xe83,"I successfully made it into ""Big Shell."" 
I should first get in touch with informant 
Ames and obtain information. According to 
Colonel, Ames is in Strut F.
","I successfully made it into ""Big Shell."" 
I should first get in touch with informant 
Ames and obtain information. According to 
Colonel, Ames is in Strut F.
"
0xf22,"エイムズはファットマンがヘリポートにいると
語った。また大佐によれば人質がシェル1中央
棟B1に捕えられていると言う。どちらを優先
するかは俺の判断に任された。
","エイムズはファットマンがヘリポートにいると
語った。また大佐によれば人質がシェル1中央
棟B1に捕えられていると言う。どちらを優先
するかは俺の判断に任された。
"
0x101d,"Ames told me that Fatman is on the heliport. 
And according to the Colonel, there are 
hostages tied up on Level B1, Shell 1 Core. 
Which site I choose is up to my judgment.
","Ames told me that Fatman is on the heliport. 
And according to the Colonel, there are 
hostages tied up on Level B1, Shell 1 Core. 
Which site I choose is up to my judgment.
"
0x10cc,"Ames told me that Fatman is on the heliport. 
And according to Colonel, there are hostages 
tied up on Level B1, Shell 1 Core. Which site 
I choose is up to my judgment.
","Ames told me that Fatman is on the heliport. 
And according to Colonel, there are hostages 
tied up on Level B1, Shell 1 Core. Which site 
I choose is up to my judgment.
"
0x1177,"Ames told me that Fatman is on the heliport. 
And according to Colonel, there are hostages 
tied up on Level B1, Shell 1 Core. Which site 
I choose is up to my judgment.
","Ames told me that Fatman is on the heliport. 
And according to Colonel, there are hostages 
tied up on Level B1, Shell 1 Core. Which site 
I choose is up to my judgment.
"
0x1222,"Ames told me that Fatman is on the heliport. 
And according to Colonel, there are hostages 
tied up on Level B1, Shell 1 Core. Which site 
I choose is up to my judgment.
","Ames told me that Fatman is on the heliport. 
And according to Colonel, there are hostages 
tied up on Level B1, Shell 1 Core. Which site 
I choose is up to my judgment.
"
0x12cd,"Ames told me that Fatman is on the heliport. 
And according to Colonel, there are hostages 
tied up on Level B1, Shell 1 Core. Which site 
I choose is up to my judgment.
","Ames told me that Fatman is on the heliport. 
And according to Colonel, there are hostages 
tied up on Level B1, Shell 1 Core. Which site 
I choose is up to my judgment.
"
0x1378,"Ames told me that Fatman is on the heliport. 
And according to Colonel, there are hostages 
tied up on Level B1, Shell 1 Core. Which site 
I choose is up to my judgment.
","Ames told me that Fatman is on the heliport. 
And according to Colonel, there are hostages 
tied up on Level B1, Shell 1 Core. Which site 
I choose is up to my judgment.
"
0x1423,"この部屋のどこかにジェ二ファーがいる。
ジェ二ファーは今もメールを打っているらしい。
集音マイクで彼女を探し出し、マイクを向けた
ままアクションボ夕ンで呼びかければ接触でき
るはずだ。
","この部屋のどこかにジェ二ファーがいる。
ジェ二ファーは今もメールを打っているらしい。
集音マイクで彼女を探し出し、マイクを向けた
ままアクションボ夕ンで呼びかければ接触でき
るはずだ。
"
0x154f,"Jennifer is in this room somewhere. 
Supposedly, Jennifer is typing up an e-mail 
right now. If I find her with the directional mic 
and press the Action button, I think I can get 
in touch with her.
","Jennifer is in this room somewhere. 
Supposedly, Jennifer is typing up an e-mail 
right now. If I find her with the directional mic 
and press the Action button, I think I can get 
in touch with her.
"
0x1618,"Jennifer is in this room somewhere. 
Supposedly, Jennifer is typing up an e-mail 
right now. If I find her with the directional mic 
and press the Action button, I think I can get 
in touch with her.
","Jennifer is in this room somewhere. 
Supposedly, Jennifer is typing up an e-mail 
right now. If I find her with the directional mic 
and press the Action button, I think I can get 
in touch with her.
"
0x16e1,"Jennifer is in this room somewhere. 
Supposedly, Jennifer is typing up an e-mail 
right now. If I find her with the directional mic 
and press the Action button, I think I can get 
in touch with her.
","Jennifer is in this room somewhere. 
Supposedly, Jennifer is typing up an e-mail 
right now. If I find her with the directional mic 
and press the Action button, I think I can get 
in touch with her.
"
0x17aa,"Jennifer is in this room somewhere. 
Supposedly, Jennifer is typing up an e-mail 
right now. If I find her with the directional mic 
and press the Action button, I think I can get 
in touch with her.
","Jennifer is in this room somewhere. 
Supposedly, Jennifer is typing up an e-mail 
right now. If I find her with the directional mic 
and press the Action button, I think I can get 
in touch with her.
"
0x1873,"Jennifer is in this room somewhere. 
Supposedly, Jennifer is typing up an e-mail 
right now. If I find her with the directional mic 
and press the Action button, I think I can get 
in touch with her.
","Jennifer is in this room somewhere. 
Supposedly, Jennifer is typing up an e-mail 
right now. If I find her with the directional mic 
and press the Action button, I think I can get 
in touch with her.
"
0x193c,"Jennifer is in this room somewhere. 
Supposedly, Jennifer is typing up an e-mail 
right now. If I find her with the directional mic 
and press the Action button, I think I can get 
in touch with her.
","Jennifer is in this room somewhere. 
Supposedly, Jennifer is typing up an e-mail 
right now. If I find her with the directional mic 
and press the Action button, I think I can get 
in touch with her.
"
0x1a05,"俺は人質の捕えられている部屋に辿り着いた。
しかし大佐は、ジェ二ファーを特定するには
集音マイクが必要だと言う。まずは集音マイク
を探さなければならないようだ。
","俺は人質の捕えられている部屋に辿り着いた。
しかし大佐は、ジェ二ファーを特定するには
集音マイクが必要だと言う。まずは集音マイク
を探さなければならないようだ。
"
0x1b03,"I arrived at the room with the hostages. The 
Colonel says that I need a directional mic to 
identify Jennifer. I guess I'll have to find a 
directional mic first.
","I arrived at the room with the hostages. The 
Colonel says that I need a directional mic to 
identify Jennifer. I guess I'll have to find a 
directional mic first.
"
0x1ba8,"I arrived at the room with the hostages. 
Colonel says that I need a directional mic 
to identify Jennifer. I guess I must find a 
directional mic first.
","I arrived at the room with the hostages. 
Colonel says that I need a directional mic 
to identify Jennifer. I guess I must find a 
directional mic first.
"
0x1c43,"I arrived at the room with the hostages. 
Colonel says that I need a directional mic 
to identify Jennifer. I guess I must find a 
directional mic first.
","I arrived at the room with the hostages. 
Colonel says that I need a directional mic 
to identify Jennifer. I guess I must find a 
directional mic first.
"
0x1cde,"I arrived at the room with the hostages. 
Colonel says that I need a directional mic 
to identify Jennifer. I guess I must find a 
directional mic first.
","I arrived at the room with the hostages. 
Colonel says that I need a directional mic 
to identify Jennifer. I guess I must find a 
directional mic first.
"
0x1d79,"I arrived at the room with the hostages. 
Colonel says that I need a directional mic 
to identify Jennifer. I guess I must find a 
directional mic first.
","I arrived at the room with the hostages. 
Colonel says that I need a directional mic 
to identify Jennifer. I guess I must find a 
directional mic first.
"
0x1e14,"I arrived at the room with the hostages. 
Colonel says that I need a directional mic 
to identify Jennifer. I guess I must find a 
directional mic first.
","I arrived at the room with the hostages. 
Colonel says that I need a directional mic 
to identify Jennifer. I guess I must find a 
directional mic first.
"
0x1eaf,"俺はシェル1中央棟B1で人質達が捕らわれて
いるのを確認した。集音マイクを使えばジェ二
ファーと接触できるはずだ。
","俺はシェル1中央棟B1で人質達が捕らわれて
いるのを確認した。集音マイクを使えばジェ二
ファーと接触できるはずだ。
"
0x1f61,"I have confirmed that the hostages are kept 
on Level B1, Shell 1 Core. I think I can 
contact Jennifer with the directional mic.
","I have confirmed that the hostages are kept 
on Level B1, Shell 1 Core. I think I can 
contact Jennifer with the directional mic.
"
0x1fe4,"I have confirmed that the hostages are kept 
on Level B1, Shell 1 Core. I think I can 
contact Jennifer with the directional mic.
","I have confirmed that the hostages are kept 
on Level B1, Shell 1 Core. I think I can 
contact Jennifer with the directional mic.
"
0x2067,"I have confirmed that the hostages are kept 
on Level B1, Shell 1 Core. I think I can 
contact Jennifer with the directional mic.
","I have confirmed that the hostages are kept 
on Level B1, Shell 1 Core. I think I can 
contact Jennifer with the directional mic.
"
0x20ea,"I have confirmed that the hostages are kept 
on Level B1, Shell 1 Core. I think I can 
contact Jennifer with the directional mic.
","I have confirmed that the hostages are kept 
on Level B1, Shell 1 Core. I think I can 
contact Jennifer with the directional mic.
"
0x216d,"I have confirmed that the hostages are kept 
on Level B1, Shell 1 Core. I think I can 
contact Jennifer with the directional mic.
","I have confirmed that the hostages are kept 
on Level B1, Shell 1 Core. I think I can 
contact Jennifer with the directional mic.
"
0x21f0,"I have confirmed that the hostages are kept 
on Level B1, Shell 1 Core. I think I can 
contact Jennifer with the directional mic.
","I have confirmed that the hostages are kept 
on Level B1, Shell 1 Core. I think I can 
contact Jennifer with the directional mic.
"
0x2273,"ジェ二ファーは、ファットマンがシェル1中央
棟に爆弾を仕掛け、人質の動きを封じていると
語った。そしてファットマンは今でもヘリポー
トにいるはずだ。
","ジェ二ファーは、ファットマンがシェル1中央
棟に爆弾を仕掛け、人質の動きを封じていると
語った。そしてファットマンは今でもヘリポー
トにいるはずだ。
"
0x236f,"Jennifer said that Fatman has set explosives 
in the Shell 1 Core and is preventing the 
hostages from moving. Fatman is probably 
on the heliport.
","Jennifer said that Fatman has set explosives 
in the Shell 1 Core and is preventing the 
hostages from moving. Fatman is probably 
on the heliport.
"
0x2404,"Jennifer said that Fatman has set explosives 
in the Shell 1 Core and is preventing the 
hostages from moving. Fatman must be on 
the heliport.
","Jennifer said that Fatman has set explosives 
in the Shell 1 Core and is preventing the 
hostages from moving. Fatman must be on 
the heliport.
"
0x2495,"Jennifer said that Fatman has set explosives 
in the Shell 1 Core and is preventing the 
hostages from moving. Fatman must be on 
the heliport.
","Jennifer said that Fatman has set explosives 
in the Shell 1 Core and is preventing the 
hostages from moving. Fatman must be on 
the heliport.
"
0x2526,"Jennifer said that Fatman has set explosives 
in the Shell 1 Core and is preventing the 
hostages from moving. Fatman must be on 
the heliport.
","Jennifer said that Fatman has set explosives 
in the Shell 1 Core and is preventing the 
hostages from moving. Fatman must be on 
the heliport.
"
0x25b7,"Jennifer said that Fatman has set explosives 
in the Shell 1 Core and is preventing the 
hostages from moving. Fatman must be on 
the heliport.
","Jennifer said that Fatman has set explosives 
in the Shell 1 Core and is preventing the 
hostages from moving. Fatman must be on 
the heliport.
"
0x2648,"Jennifer said that Fatman has set explosives 
in the Shell 1 Core and is preventing the 
hostages from moving. Fatman must be on 
the heliport.
","Jennifer said that Fatman has set explosives 
in the Shell 1 Core and is preventing the 
hostages from moving. Fatman must be on 
the heliport.
"
0x26d9,"爆弾は処理した。人質はこれで安全と言える
だろう。残る任務はテロリストの制圧となる。
ファットマンはヘリポートにいるはずだ。
","爆弾は処理した。人質はこれで安全と言える
だろう。残る任務はテロリストの制圧となる。
ファットマンはヘリポートにいるはずだ。
"
0x27a3,"I have defused the explosives. The hostages 
are all safe now. The other half of the 
mission is suppressing the terrorist. Fatman 
is probably on the heliport.
","I have defused the explosives. The hostages 
are all safe now. The other half of the 
mission is suppressing the terrorist. Fatman 
is probably on the heliport.
"
0x2845,"I have defused the explosives. The 
hostages are all safe now. The other 
half of the mission is suppressing the 
terrorist. Fatman must be on the heliport.
","I have defused the explosives. The 
hostages are all safe now. The other 
half of the mission is suppressing the 
terrorist. Fatman must be on the heliport.
"
0x28e2,"I have defused the explosives. The 
hostages are all safe now. The other 
half of the mission is suppressing the 
terrorist. Fatman must be on the heliport.
","I have defused the explosives. The 
hostages are all safe now. The other 
half of the mission is suppressing the 
terrorist. Fatman must be on the heliport.
"
0x297f,"I have defused the explosives. The 
hostages are all safe now. The other 
half of the mission is suppressing the 
terrorist. Fatman must be on the heliport.
","I have defused the explosives. The 
hostages are all safe now. The other 
half of the mission is suppressing the 
terrorist. Fatman must be on the heliport.
"
0x2a1c,"I have defused the explosives. The 
hostages are all safe now. The other 
half of the mission is suppressing the 
terrorist. Fatman must be on the heliport.
","I have defused the explosives. The 
hostages are all safe now. The other 
half of the mission is suppressing the 
terrorist. Fatman must be on the heliport.
"
0x2ab9,"I have defused the explosives. The 
hostages are all safe now. The other 
half of the mission is suppressing the 
terrorist. Fatman must be on the heliport.
","I have defused the explosives. The 
hostages are all safe now. The other 
half of the mission is suppressing the 
terrorist. Fatman must be on the heliport.
"
0x2b56,"人質を爆殺したファットマンは、次の標的を
俺に定めた。迫り来るファットマンの巨体。
奴を倒すしかない。
","人質を爆殺したファットマンは、次の標的を
俺に定めた。迫り来るファットマンの巨体。
奴を倒すしかない。
"
0x2c05,"After killing the hostages with his bomb, 
Fatman selected me as his next target. 
That massive body of his -- I have no 
choice but to take him out.
","After killing the hostages with his bomb, 
Fatman selected me as his next target. 
That massive body of his -- I have no 
choice but to take him out.
"
0x2c9c,"After killing the hostages with his bomb, 
Fatman has selected me as his next target. 
This massive body of his -- I have no choice 
but to take him out.
","After killing the hostages with his bomb, 
Fatman has selected me as his next target. 
This massive body of his -- I have no choice 
but to take him out.
"
0x2d37,"After killing the hostages with his bomb, 
Fatman has selected me as his next target. 
This massive body of his -- I have no choice 
but to take him out.
","After killing the hostages with his bomb, 
Fatman has selected me as his next target. 
This massive body of his -- I have no choice 
but to take him out.
"
0x2dd2,"After killing the hostages with his bomb, 
Fatman has selected me as his next target. 
This massive body of his -- I have no choice 
but to take him out.
","After killing the hostages with his bomb, 
Fatman has selected me as his next target. 
This massive body of his -- I have no choice 
but to take him out.
"
0x2e6d,"After killing the hostages with his bomb, 
Fatman has selected me as his next target. 
This massive body of his -- I have no choice 
but to take him out.
","After killing the hostages with his bomb, 
Fatman has selected me as his next target. 
This massive body of his -- I have no choice 
but to take him out.
"
0x2f08,"After killing the hostages with his bomb, 
Fatman has selected me as his next target. 
This massive body of his -- I have no choice 
but to take him out.
","After killing the hostages with his bomb, 
Fatman has selected me as his next target. 
This massive body of his -- I have no choice 
but to take him out.
"
0x2fa3,"計画の失敗を悟ったファットマンは次の標的を
俺に定めた。迫り来るファットマンの巨体。
奴を倒すしかない。
","計画の失敗を悟ったファットマンは次の標的を
俺に定めた。迫り来るファットマンの巨体。
奴を倒すしかない。
"
0x3055,"Sensing the failure of his plan, Fatman 
has selected me as his next target. 
That massive body of his -- I have no 
choice but to take him out.
","Sensing the failure of his plan, Fatman 
has selected me as his next target. 
That massive body of his -- I have no 
choice but to take him out.
"
0x30e7,"Sensing the failure of his plan, Fatman 
has selected me has his next target. 
This massive body of his -- I have no 
choice but to take him out.
","Sensing the failure of his plan, Fatman 
has selected me has his next target. 
This massive body of his -- I have no 
choice but to take him out.
"
0x317a,"Sensing the failure of his plan, Fatman 
has selected me has his next target. 
This massive body of his -- I have no 
choice but to take him out.
","Sensing the failure of his plan, Fatman 
has selected me has his next target. 
This massive body of his -- I have no 
choice but to take him out.
"
0x320d,"Sensing the failure of his plan, Fatman 
has selected me has his next target. 
This massive body of his -- I have no 
choice but to take him out.
","Sensing the failure of his plan, Fatman 
has selected me has his next target. 
This massive body of his -- I have no 
choice but to take him out.
"
0x32a0,"Sensing the failure of his plan, Fatman 
has selected me has his next target. 
This massive body of his -- I have no 
choice but to take him out.
","Sensing the failure of his plan, Fatman 
has selected me has his next target. 
This massive body of his -- I have no 
choice but to take him out.
"
0x3333,"Sensing the failure of his plan, Fatman 
has selected me has his next target. 
This massive body of his -- I have no 
choice but to take him out.
","Sensing the failure of his plan, Fatman 
has selected me has his next target. 
This massive body of his -- I have no 
choice but to take him out.
"
0x33c6,"『ビッグ・シェル』は正体不明の武装集団に
占拠されていた。エマの身が気がかりだ。
彼女はどこにいるのだろうか。
","『ビッグ・シェル』は正体不明の武装集団に
占拠されていた。エマの身が気がかりだ。
彼女はどこにいるのだろうか。
"
0x347e,"Big Shell has been taken over by an 
unidentified armed group. I'm really worried 
about Emma. Where the hell can she be?
","Big Shell has been taken over by an 
unidentified armed group. I'm really worried 
about Emma. Where the hell can she be?
"
0x34f9,"""Big Shell"" has been taken over by an 
unidentified armed group. I'm really worried 
about Emma. Where the hell can she be?
","""Big Shell"" has been taken over by an 
unidentified armed group. I'm really worried 
about Emma. Where the hell can she be?
"
0x3576,"""Big Shell"" has been taken over by an 
unidentified armed group. I'm really worried 
about Emma. Where the hell can she be?
","""Big Shell"" has been taken over by an 
unidentified armed group. I'm really worried 
about Emma. Where the hell can she be?
"
0x35f3,"""Big Shell"" has been taken over by an 
unidentified armed group. I'm really worried 
about Emma. Where the hell can she be?
","""Big Shell"" has been taken over by an 
unidentified armed group. I'm really worried 
about Emma. Where the hell can she be?
"
0x3670,"""Big Shell"" has been taken over by an 
unidentified armed group. I'm really worried 
about Emma. Where the hell can she be?
","""Big Shell"" has been taken over by an 
unidentified armed group. I'm really worried 
about Emma. Where the hell can she be?
"
0x36ed,"""Big Shell"" has been taken over by an 
unidentified armed group. I'm really worried 
about Emma. Where the hell can she be?
","""Big Shell"" has been taken over by an 
unidentified armed group. I'm really worried 
about Emma. Where the hell can she be?
"
0x376a,"『ビッグ・シェル』は正体不明の武装集団に
占拠されていた。エマの身が気がかりだ。
彼女はC脚のどこかに逃げ込んだという。
","『ビッグ・シェル』は正体不明の武装集団に
占拠されていた。エマの身が気がかりだ。
彼女はC脚のどこかに逃げ込んだという。
"
0x382f,"Big Shell has been taken over by an 
unidentified armed group. I'm really worried 
about Emma. She supposedly hid herself 
somewhere in Strut C.
","Big Shell has been taken over by an 
unidentified armed group. I'm really worried 
about Emma. She supposedly hid herself 
somewhere in Strut C.
"
0x38c1,"""Big Shell"" has been taken over by an 
unidentified armed group. I'm really worried 
about Emma. She supposedly hid herself 
somewhere in Strut C.
","""Big Shell"" has been taken over by an 
unidentified armed group. I'm really worried 
about Emma. She supposedly hid herself 
somewhere in Strut C.
"
0x3955,"""Big Shell"" has been taken over by an 
unidentified armed group. I'm really worried 
about Emma. She supposedly hid herself 
somewhere in Strut C.
","""Big Shell"" has been taken over by an 
unidentified armed group. I'm really worried 
about Emma. She supposedly hid herself 
somewhere in Strut C.
"
0x39e9,"""Big Shell"" has been taken over by an 
unidentified armed group. I'm really worried 
about Emma. She supposedly hid herself 
somewhere in Strut C.
","""Big Shell"" has been taken over by an 
unidentified armed group. I'm really worried 
about Emma. She supposedly hid herself 
somewhere in Strut C.
"
0x3a7d,"""Big Shell"" has been taken over by an 
unidentified armed group. I'm really worried 
about Emma. She supposedly hid herself 
somewhere in Strut C.
","""Big Shell"" has been taken over by an 
unidentified armed group. I'm really worried 
about Emma. She supposedly hid herself 
somewhere in Strut C.
"
0x3b11,"""Big Shell"" has been taken over by an 
unidentified armed group. I'm really worried 
about Emma. She supposedly hid herself 
somewhere in Strut C.
","""Big Shell"" has been taken over by an 
unidentified armed group. I'm really worried 
about Emma. She supposedly hid herself 
somewhere in Strut C.
"
0x3ba5,"エマの無事を確認したのもつかの間、気がつく
と俺達は敵に包囲されていた。なだれ込んで
くる敵兵達。エマを守るには奴等を全て倒さ
なければならない。
","エマの無事を確認したのもつかの間、気がつく
と俺達は敵に包囲されていた。なだれ込んで
くる敵兵達。エマを守るには奴等を全て倒さ
なければならない。
"
0x3c88,"Only moments after I confirmed Emma's 
safety, we were surrounded by enemies. 
Enemy soldiers keep on flooding in. I must 
take out every single one of them to save 
Emma.
","Only moments after I confirmed Emma's 
safety, we were surrounded by enemies. 
Enemy soldiers keep on flooding in. I must 
take out every single one of them to save 
Emma.
"
0x3d35,"Only moments after I confirmed Emma's 
safety, we were surrounded by enemies. 
Enemy soldiers keep on flooding in. I must 
take out every single one of them to save 
Emma.
","Only moments after I confirmed Emma's 
safety, we were surrounded by enemies. 
Enemy soldiers keep on flooding in. I must 
take out every single one of them to save 
Emma.
"
0x3de2,"Only moments after I confirmed Emma's 
safety, we were surrounded by enemies. 
Enemy soldiers keep on flooding in. I must 
take out every single one of them to save 
Emma.
","Only moments after I confirmed Emma's 
safety, we were surrounded by enemies. 
Enemy soldiers keep on flooding in. I must 
take out every single one of them to save 
Emma.
"
0x3e8f,"Only moments after I confirmed Emma's 
safety, we were surrounded by enemies. 
Enemy soldiers keep on flooding in. I must 
take out every single one of them to save 
Emma.
","Only moments after I confirmed Emma's 
safety, we were surrounded by enemies. 
Enemy soldiers keep on flooding in. I must 
take out every single one of them to save 
Emma.
"
0x3f3c,"Only moments after I confirmed Emma's 
safety, we were surrounded by enemies. 
Enemy soldiers keep on flooding in. I must 
take out every single one of them to save 
Emma.
","Only moments after I confirmed Emma's 
safety, we were surrounded by enemies. 
Enemy soldiers keep on flooding in. I must 
take out every single one of them to save 
Emma.
"
0x3fe9,"Only moments after I confirmed Emma's 
safety, we were surrounded by enemies. 
Enemy soldiers keep on flooding in. I must 
take out every single one of them to save 
Emma.
","Only moments after I confirmed Emma's 
safety, we were surrounded by enemies. 
Enemy soldiers keep on flooding in. I must 
take out every single one of them to save 
Emma.
"
0x4096,"人質が捕らわれているシェル2へ行くには、
シェル1シェル2連絡橋の扉を開けなけれ
ばならないとエマは語る。そのためには、
B脚のノードにアクセスすればいいらしい。
","人質が捕らわれているシェル2へ行くには、
シェル1シェル2連絡橋の扉を開けなけれ
ばならないとエマは語る。そのためには、
B脚のノードにアクセスすればいいらしい。
"
0x4192,"Emma told me that I must open the door to 
the Shell 1-2 connecting bridge to go to 
Shell 2, where the hostages are kept. 
I must access the node in Strut B to do so.
","Emma told me that I must open the door to 
the Shell 1-2 connecting bridge to go to 
Shell 2, where the hostages are kept. 
I must access the node in Strut B to do so.
"
0x423d,"Emma told me that I must open the door to 
the Shell 1-2 connecting bridge to go to 
Shell 2 where the hostages are kept. I must 
access the node in Strut B to do so.
","Emma told me that I must open the door to 
the Shell 1-2 connecting bridge to go to 
Shell 2 where the hostages are kept. I must 
access the node in Strut B to do so.
"
0x42ea,"Emma told me that I must open the door to 
the Shell 1-2 connecting bridge to go to 
Shell 2 where the hostages are kept. I must 
access the node in Strut B to do so.
","Emma told me that I must open the door to 
the Shell 1-2 connecting bridge to go to 
Shell 2 where the hostages are kept. I must 
access the node in Strut B to do so.
"
0x4397,"Emma told me that I must open the door to 
the Shell 1-2 connecting bridge to go to 
Shell 2 where the hostages are kept. I must 
access the node in Strut B to do so.
","Emma told me that I must open the door to 
the Shell 1-2 connecting bridge to go to 
Shell 2 where the hostages are kept. I must 
access the node in Strut B to do so.
"
0x4444,"Emma told me that I must open the door to 
the Shell 1-2 connecting bridge to go to 
Shell 2 where the hostages are kept. I must 
access the node in Strut B to do so.
","Emma told me that I must open the door to 
the Shell 1-2 connecting bridge to go to 
Shell 2 where the hostages are kept. I must 
access the node in Strut B to do so.
"
0x44f1,"Emma told me that I must open the door to 
the Shell 1-2 connecting bridge to go to 
Shell 2 where the hostages are kept. I must 
access the node in Strut B to do so.
","Emma told me that I must open the door to 
the Shell 1-2 connecting bridge to go to 
Shell 2 where the hostages are kept. I must 
access the node in Strut B to do so.
"
0x459e,"エマはこのF脚のどこかにいるはずだ。だが
俺の潜入が知られれば、敵は容赦なくエマを
殺すだろう。敵に発見されることなくエマを
探し出さなければならない。
","エマはこのF脚のどこかにいるはずだ。だが
俺の潜入が知られれば、敵は容赦なくエマを
殺すだろう。敵に発見されることなくエマを
探し出さなければならない。
"
0x4688,"Emma is here somewhere in Strut F. If they 
find out I'm here, the enemy will kill Emma 
without mercy. I must find Emma without 
being spotted by the enemy.
","Emma is here somewhere in Strut F. If they 
find out I'm here, the enemy will kill Emma 
without mercy. I must find Emma without 
being spotted by the enemy.
"
0x4727,"Emma is here somewhere in Strut F. If they 
find out I'm here, the enemy will kill Emma 
without mercy. I must find Emma without 
being spotted by the enemy.
","Emma is here somewhere in Strut F. If they 
find out I'm here, the enemy will kill Emma 
without mercy. I must find Emma without 
being spotted by the enemy.
"
0x47c6,"Emma is here somewhere in Strut F. If they 
find out I'm here, the enemy will kill Emma 
without mercy. I must find Emma without 
being spotted by the enemy.
","Emma is here somewhere in Strut F. If they 
find out I'm here, the enemy will kill Emma 
without mercy. I must find Emma without 
being spotted by the enemy.
"
0x4865,"Emma is here somewhere in Strut F. If they 
find out I'm here, the enemy will kill Emma 
without mercy. I must find Emma without 
being spotted by the enemy.
","Emma is here somewhere in Strut F. If they 
find out I'm here, the enemy will kill Emma 
without mercy. I must find Emma without 
being spotted by the enemy.
"
0x4904,"Emma is here somewhere in Strut F. If they 
find out I'm here, the enemy will kill Emma 
without mercy. I must find Emma without 
being spotted by the enemy.
","Emma is here somewhere in Strut F. If they 
find out I'm here, the enemy will kill Emma 
without mercy. I must find Emma without 
being spotted by the enemy.
"
0x49a3,"Emma is here somewhere in Strut F. If they 
find out I'm here, the enemy will kill Emma 
without mercy. I must find Emma without 
being spotted by the enemy.
","Emma is here somewhere in Strut F. If they 
find out I'm here, the enemy will kill Emma 
without mercy. I must find Emma without 
being spotted by the enemy.
"
0x4a42,"俺がB脚へ向かっている間にエマが敵に捕らわ
れてしまった。だがオ夕コンの協力でエマは
F脚のどこかにいることが判明する。何として
もエマを救出しなければならない。
","俺がB脚へ向かっている間にエマが敵に捕らわ
れてしまった。だがオ夕コンの協力でエマは
F脚のどこかにいることが判明する。何として
もエマを救出しなければならない。
"
0x4b3c,"Emma has been captured. With Otacon's 
help, I found out that Emma is somewhere 
in Strut F. I'll do anything it takes to rescue 
Emma.
","Emma has been captured. With Otacon's 
help, I found out that Emma is somewhere 
in Strut F. I'll do anything it takes to rescue 
Emma.
"
0x4bc5,"Emma has been captured. With Otacon's 
help, I found out thta Emma is somewhere 
in Strut F. I'll do anything it takes to rescue 
Emma.
","Emma has been captured. With Otacon's 
help, I found out thta Emma is somewhere 
in Strut F. I'll do anything it takes to rescue 
Emma.
"
0x4c4e,"Emma has been captured. With Otacon's 
help, I found out thta Emma is somewhere 
in Strut F. I'll do anything it takes to rescue 
Emma.
","Emma has been captured. With Otacon's 
help, I found out thta Emma is somewhere 
in Strut F. I'll do anything it takes to rescue 
Emma.
"
0x4cd7,"Emma has been captured. With Otacon's 
help, I found out thta Emma is somewhere 
in Strut F. I'll do anything it takes to rescue 
Emma.
","Emma has been captured. With Otacon's 
help, I found out thta Emma is somewhere 
in Strut F. I'll do anything it takes to rescue 
Emma.
"
0x4d60,"Emma has been captured. With Otacon's 
help, I found out thta Emma is somewhere 
in Strut F. I'll do anything it takes to rescue 
Emma.
","Emma has been captured. With Otacon's 
help, I found out thta Emma is somewhere 
in Strut F. I'll do anything it takes to rescue 
Emma.
"
0x4de9,"Emma has been captured. With Otacon's 
help, I found out thta Emma is somewhere 
in Strut F. I'll do anything it takes to rescue 
Emma.
","Emma has been captured. With Otacon's 
help, I found out thta Emma is somewhere 
in Strut F. I'll do anything it takes to rescue 
Emma.
"
0x4e72,"エマはなんとか無事だった。だがまだ多くの
職員がシェル2に捕らわれている。人質を救出
するため俺とエマはD脚からシェル2へ向かう
ことにした。
","エマはなんとか無事だった。だがまだ多くの
職員がシェル2に捕らわれている。人質を救出
するため俺とエマはD脚からシェル2へ向かう
ことにした。
"
0x4f4f,"Emma seems fine. But there still are a lot 
of hostages tied up in Shell 2. Emma and I 
decided to go from Strut D to Shell 2 to save 
the hostages.
","Emma seems fine. But there still are a lot 
of hostages tied up in Shell 2. Emma and I 
decided to go from Strut D to Shell 2 to save 
the hostages.
"
0x4fe5,"Emma seems fine. But there still are a lot 
of those who work here tied up in Shell 2. 
Emma and I decided to go from Strut D to 
Shell 2 to save the hostages.
","Emma seems fine. But there still are a lot 
of those who work here tied up in Shell 2. 
Emma and I decided to go from Strut D to 
Shell 2 to save the hostages.
"
0x5086,"Emma seems fine. But there still are a lot 
of those who work here tied up in Shell 2. 
Emma and I decided to go from Strut D to 
Shell 2 to save the hostages.
","Emma seems fine. But there still are a lot 
of those who work here tied up in Shell 2. 
Emma and I decided to go from Strut D to 
Shell 2 to save the hostages.
"
0x5127,"Emma seems fine. But there still are a lot 
of those who work here tied up in Shell 2. 
Emma and I decided to go from Strut D to 
Shell 2 to save the hostages.
","Emma seems fine. But there still are a lot 
of those who work here tied up in Shell 2. 
Emma and I decided to go from Strut D to 
Shell 2 to save the hostages.
"
0x51c8,"Emma seems fine. But there still are a lot 
of those who work here tied up in Shell 2. 
Emma and I decided to go from Strut D to 
Shell 2 to save the hostages.
","Emma seems fine. But there still are a lot 
of those who work here tied up in Shell 2. 
Emma and I decided to go from Strut D to 
Shell 2 to save the hostages.
"
0x5269,"Emma seems fine. But there still are a lot 
of those who work here tied up in Shell 2. 
Emma and I decided to go from Strut D to 
Shell 2 to save the hostages.
","Emma seems fine. But there still are a lot 
of those who work here tied up in Shell 2. 
Emma and I decided to go from Strut D to 
Shell 2 to save the hostages.
"
0x530a,"麻薬の隠し場所を見つけた俺達だったが敵に
発見され包囲されてしまう。次から次へと
現れる敵兵達。だが奴等の囲みを突破し、
必ずエマと共にDE連絡橋へ脱出してみせる。
","麻薬の隠し場所を見つけた俺達だったが敵に
発見され包囲されてしまう。次から次へと
現れる敵兵達。だが奴等の囲みを突破し、
必ずエマと共にDE連絡橋へ脱出してみせる。
"
0x5407,"We found where the drugs had been hidden. 
But then in rushed a large enemy unit. 
I WILL get past the surrounding enemies and 
escape to the DE connecting bridge together 
with Emma.
","We found where the drugs had been hidden. 
But then in rushed a large enemy unit. 
I WILL get past the surrounding enemies and 
escape to the DE connecting bridge together 
with Emma.
"
0x54c0,"We found where the drugs have been 
hidden. But then rushed in a large enemy 
unit. I WILL get past the surrounding 
enemies and escape to the DE connecting 
bridge together with Emma.
","We found where the drugs have been 
hidden. But then rushed in a large enemy 
unit. I WILL get past the surrounding 
enemies and escape to the DE connecting 
bridge together with Emma.
"
0x557a,"We found where the drugs have been 
hidden. But then rushed in a large enemy 
unit. I WILL get past the surrounding 
enemies and escape to the DE connecting 
bridge together with Emma.
","We found where the drugs have been 
hidden. But then rushed in a large enemy 
unit. I WILL get past the surrounding 
enemies and escape to the DE connecting 
bridge together with Emma.
"
0x5634,"We found where the drugs have been 
hidden. But then rushed in a large enemy 
unit. I WILL get past the surrounding 
enemies and escape to the DE connecting 
bridge together with Emma.
","We found where the drugs have been 
hidden. But then rushed in a large enemy 
unit. I WILL get past the surrounding 
enemies and escape to the DE connecting 
bridge together with Emma.
"
0x56ee,"We found where the drugs have been 
hidden. But then rushed in a large enemy 
unit. I WILL get past the surrounding 
enemies and escape to the DE connecting 
bridge together with Emma.
","We found where the drugs have been 
hidden. But then rushed in a large enemy 
unit. I WILL get past the surrounding 
enemies and escape to the DE connecting 
bridge together with Emma.
"
0x57a8,"We found where the drugs have been 
hidden. But then rushed in a large enemy 
unit. I WILL get past the surrounding 
enemies and escape to the DE connecting 
bridge together with Emma.
","We found where the drugs have been 
hidden. But then rushed in a large enemy 
unit. I WILL get past the surrounding 
enemies and escape to the DE connecting 
bridge together with Emma.
"
0x5862,"エマは敵の大部分をE脚内に閉じ込めることに
成功した。しかし人質を救出するためシェル2
へ向かう俺達の前にハリアーが現れる。ハリアー
を撃墜しなければ道は開けない。
","エマは敵の大部分をE脚内に閉じ込めることに
成功した。しかし人質を救出するためシェル2
へ向かう俺達の前にハリアーが現れる。ハリアー
を撃墜しなければ道は開けない。
"
0x595c,"Emma successfully locked most of the 
enemies inside Strut E. The two of us headed 
for Shell 2 to rescue the hostages. Then 
appeared a Harrier right in front of us. We 
have no choice but to bring the Harrier down.
","Emma successfully locked most of the 
enemies inside Strut E. The two of us headed 
for Shell 2 to rescue the hostages. Then 
appeared a Harrier right in front of us. We 
have no choice but to bring the Harrier down.
"
0x5a36,"Emma successfully locked most of the 
enemies inside Strut E. The two of us head 
for Shell 2 to rescue the hostages. Then 
appears a Harrier right in front of us. There 
is no choice but to bring the Harrier down.
","Emma successfully locked most of the 
enemies inside Strut E. The two of us head 
for Shell 2 to rescue the hostages. Then 
appears a Harrier right in front of us. There 
is no choice but to bring the Harrier down.
"
0x5b0e,"Emma successfully locked most of the 
enemies inside Strut E. The two of us head 
for Shell 2 to rescue the hostages. Then 
appears a Harrier right in front of us. There 
is no choice but to bring the Harrier down.
","Emma successfully locked most of the 
enemies inside Strut E. The two of us head 
for Shell 2 to rescue the hostages. Then 
appears a Harrier right in front of us. There 
is no choice but to bring the Harrier down.
"
0x5be6,"Emma successfully locked most of the 
enemies inside Strut E. The two of us head 
for Shell 2 to rescue the hostages. Then 
appears a Harrier right in front of us. There 
is no choice but to bring the Harrier down.
","Emma successfully locked most of the 
enemies inside Strut E. The two of us head 
for Shell 2 to rescue the hostages. Then 
appears a Harrier right in front of us. There 
is no choice but to bring the Harrier down.
"
0x5cbe,"Emma successfully locked most of the 
enemies inside Strut E. The two of us head 
for Shell 2 to rescue the hostages. Then 
appears a Harrier right in front of us. There 
is no choice but to bring the Harrier down.
","Emma successfully locked most of the 
enemies inside Strut E. The two of us head 
for Shell 2 to rescue the hostages. Then 
appears a Harrier right in front of us. There 
is no choice but to bring the Harrier down.
"
0x5d96,"Emma successfully locked most of the 
enemies inside Strut E. The two of us head 
for Shell 2 to rescue the hostages. Then 
appears a Harrier right in front of us. There 
is no choice but to bring the Harrier down.
","Emma successfully locked most of the 
enemies inside Strut E. The two of us head 
for Shell 2 to rescue the hostages. Then 
appears a Harrier right in front of us. There 
is no choice but to bring the Harrier down.
"
0x5e6e,"俺は偽装夕ンカーへの潜入に成功する。だが
既に船はゴルルコビッチの部隊によって制圧
されていた。まずはメリルの安全を確かめねば
ならない。彼女はこの船のどこかにいるはずだ。
","俺は偽装夕ンカーへの潜入に成功する。だが
既に船はゴルルコビッチの部隊によって制圧
されていた。まずはメリルの安全を確かめねば
ならない。彼女はこの船のどこかにいるはずだ。
"
0x5f7e,"I successfully infiltrated the disguised tanker. 
But it seems like the ship has already been 
occupied by Gurlukovich's army. I must first 
confirm Meryl's safety. She must be 
somewhere on this ship.
","I successfully infiltrated the disguised tanker. 
But it seems like the ship has already been 
occupied by Gurlukovich's army. I must first 
confirm Meryl's safety. She must be 
somewhere on this ship.
"
0x6049,"I successfully infiltrated the disguised tanker. 
But it seems like the ship has already been 
occupied by Gurlukovich's army. I must first 
confirm Meryl's safety. She must be 
somewhere on this ship.
","I successfully infiltrated the disguised tanker. 
But it seems like the ship has already been 
occupied by Gurlukovich's army. I must first 
confirm Meryl's safety. She must be 
somewhere on this ship.
"
0x6114,"I successfully infiltrated the disguised tanker. 
But it seems like the ship has already been 
occupied by Gurlukovich's army. I must first 
confirm Meryl's safety. She must be 
somewhere on this ship.
","I successfully infiltrated the disguised tanker. 
But it seems like the ship has already been 
occupied by Gurlukovich's army. I must first 
confirm Meryl's safety. She must be 
somewhere on this ship.
"
0x61df,"I successfully infiltrated the disguised tanker. 
But it seems like the ship has already been 
occupied by Gurlukovich's army. I must first 
confirm Meryl's safety. She must be 
somewhere on this ship.
","I successfully infiltrated the disguised tanker. 
But it seems like the ship has already been 
occupied by Gurlukovich's army. I must first 
confirm Meryl's safety. She must be 
somewhere on this ship.
"
0x62aa,"I successfully infiltrated the disguised tanker. 
But it seems like the ship has already been 
occupied by Gurlukovich's army. I must first 
confirm Meryl's safety. She must be 
somewhere on this ship.
","I successfully infiltrated the disguised tanker. 
But it seems like the ship has already been 
occupied by Gurlukovich's army. I must first 
confirm Meryl's safety. She must be 
somewhere on this ship.
"
0x6375,"I successfully infiltrated the disguised tanker. 
But it seems like the ship has already been 
occupied by Gurlukovich's army. I must first 
confirm Meryl's safety. She must be 
somewhere on this ship.
","I successfully infiltrated the disguised tanker. 
But it seems like the ship has already been 
occupied by Gurlukovich's army. I must first 
confirm Meryl's safety. She must be 
somewhere on this ship.
"
0x6440,"メリルは別行動をとるとして去ってしまった。
だがゴルルコビッチにメ夕ルギアを渡す訳には
いかない。メリルによればメ夕ルギアは船倉に
あるという。
","メリルは別行動をとるとして去ってしまった。
だがゴルルコビッチにメ夕ルギアを渡す訳には
いかない。メリルによればメ夕ルギアは船倉に
あるという。
"
0x6526,"Meryl has left to pursue action on her own. 
I cannot let Gurlukovich take Metal Gear. 
According to Meryl, Metal Gear is in the hold.
","Meryl has left to pursue action on her own. 
I cannot let Gurlukovich take Metal Gear. 
According to Meryl, Metal Gear is in the hold.
"
0x65ae,"Meryl has left to pursue action on her own. 
I cannot make Gurlukovich take Metal Gear. 
According to Meryl, Metal Gear is in the 
holds.
","Meryl has left to pursue action on her own. 
I cannot make Gurlukovich take Metal Gear. 
According to Meryl, Metal Gear is in the 
holds.
"
0x6639,"Meryl has left to pursue action on her own. 
I cannot make Gurlukovich take Metal Gear. 
According to Meryl, Metal Gear is in the 
holds.
","Meryl has left to pursue action on her own. 
I cannot make Gurlukovich take Metal Gear. 
According to Meryl, Metal Gear is in the 
holds.
"
0x66c4,"Meryl has left to pursue action on her own. 
I cannot make Gurlukovich take Metal Gear. 
According to Meryl, Metal Gear is in the 
holds.
","Meryl has left to pursue action on her own. 
I cannot make Gurlukovich take Metal Gear. 
According to Meryl, Metal Gear is in the 
holds.
"
0x674f,"Meryl has left to pursue action on her own. 
I cannot make Gurlukovich take Metal Gear. 
According to Meryl, Metal Gear is in the 
holds.
","Meryl has left to pursue action on her own. 
I cannot make Gurlukovich take Metal Gear. 
According to Meryl, Metal Gear is in the 
holds.
"
0x67da,"Meryl has left to pursue action on her own. 
I cannot make Gurlukovich take Metal Gear. 
According to Meryl, Metal Gear is in the 
holds.
","Meryl has left to pursue action on her own. 
I cannot make Gurlukovich take Metal Gear. 
According to Meryl, Metal Gear is in the 
holds.
"
0x6865,"船倉を目指す俺は敵部隊の攻撃を受けた。
完全な待伏せだ。俺の行動が読まれていたのか。
だが考え込んでいる余裕はなかった。まずは
この窮地を切り抜けなければならない。
","船倉を目指す俺は敵部隊の攻撃を受けた。
完全な待伏せだ。俺の行動が読まれていたのか。
だが考え込んでいる余裕はなかった。まずは
この窮地を切り抜けなければならない。
"
0x6969,"As I headed for the hold, I fell into an enemy 
ambush. Did they know where I was heading?
Now is no time for questions. I must first get 
out of this situation.
","As I headed for the hold, I fell into an enemy 
ambush. Did they know where I was heading?
Now is no time for questions. I must first get 
out of this situation.
"
0x6a0c,"As I headed for the holds, I fell into enemy 
ambush. Did they know where I was heading? 
Now is no time for questions. I must first get 
out of this situation.
","As I headed for the holds, I fell into enemy 
ambush. Did they know where I was heading? 
Now is no time for questions. I must first get 
out of this situation.
"
0x6aae,"As I headed for the holds, I fell into enemy 
ambush. Did they know where I was heading? 
Now is no time for questions. I must first get 
out of this situation.
","As I headed for the holds, I fell into enemy 
ambush. Did they know where I was heading? 
Now is no time for questions. I must first get 
out of this situation.
"
0x6b50,"As I headed for the holds, I fell into enemy 
ambush. Did they know where I was heading? 
Now is no time for questions. I must first get 
out of this situation.
","As I headed for the holds, I fell into enemy 
ambush. Did they know where I was heading? 
Now is no time for questions. I must first get 
out of this situation.
"
0x6bf2,"As I headed for the holds, I fell into enemy 
ambush. Did they know where I was heading? 
Now is no time for questions. I must first get 
out of this situation.
","As I headed for the holds, I fell into enemy 
ambush. Did they know where I was heading? 
Now is no time for questions. I must first get 
out of this situation.
"
0x6c94,"As I headed for the holds, I fell into enemy 
ambush. Did they know where I was heading? 
Now is no time for questions. I must first get 
out of this situation.
","As I headed for the holds, I fell into enemy 
ambush. Did they know where I was heading? 
Now is no time for questions. I must first get 
out of this situation.
"
0x6d36,"メリルはゴルルコビッチと組んでいた。衝撃を
受けつつも何とか船倉を脱出した俺に迫る敵の
追っ手。まずはこの第ニ甲板から抜け出さねば
ならない。機関室まで戻れば何とかなるはずだ。
","メリルはゴルルコビッチと組んでいた。衝撃を
受けつつも何とか船倉を脱出した俺に迫る敵の
追っ手。まずはこの第ニ甲板から抜け出さねば
ならない。機関室まで戻れば何とかなるはずだ。
"
0x6e4c,"I managed to escape the hold, but the 
enemies are still after me. I have to get 
out of Deck 2. Maybe if I go back to the 
engine room there will be a way out.
","I managed to escape the hold, but the 
enemies are still after me. I have to get 
out of Deck 2. Maybe if I go back to the 
engine room there will be a way out.
"
0x6eee,"Meryl and Gurlukovich were a team. Sure I was
shocked, but I managed to escape the holds. 
The enemies are right behind me. I must first 
get out of Deck 2 here. Maybe if I go back to 
the engine room there is a way out.
","Meryl and Gurlukovich were a team. Sure I was
shocked, but I managed to escape the holds. 
The enemies are right behind me. I must first 
get out of Deck 2 here. Maybe if I go back to 
the engine room there is a way out.
"
0x6fcb,"Meryl and Gurlukovich were a team. Sure I was
shocked, but I managed to escape the holds. 
The enemies are right behind me. I must first 
get out of Deck 2 here. Maybe if I go back to 
the engine room there is a way out.
","Meryl and Gurlukovich were a team. Sure I was
shocked, but I managed to escape the holds. 
The enemies are right behind me. I must first 
get out of Deck 2 here. Maybe if I go back to 
the engine room there is a way out.
"
0x70a8,"Meryl and Gurlukovich were a team. Sure I was
shocked, but I managed to escape the holds. 
The enemies are right behind me. I must first 
get out of Deck 2 here. Maybe if I go back to 
the engine room there is a way out.
","Meryl and Gurlukovich were a team. Sure I was
shocked, but I managed to escape the holds. 
The enemies are right behind me. I must first 
get out of Deck 2 here. Maybe if I go back to 
the engine room there is a way out.
"
0x7185,"Meryl and Gurlukovich were a team. Sure I was
shocked, but I managed to escape the holds. 
The enemies are right behind me. I must first 
get out of Deck 2 here. Maybe if I go back to 
the engine room there is a way out.
","Meryl and Gurlukovich were a team. Sure I was
shocked, but I managed to escape the holds. 
The enemies are right behind me. I must first 
get out of Deck 2 here. Maybe if I go back to 
the engine room there is a way out.
"
0x7262,"Meryl and Gurlukovich were a team. Sure I was
shocked, but I managed to escape the holds. 
The enemies are right behind me. I must first 
get out of Deck 2 here. Maybe if I go back to 
the engine room there is a way out.
","Meryl and Gurlukovich were a team. Sure I was
shocked, but I managed to escape the holds. 
The enemies are right behind me. I must first 
get out of Deck 2 here. Maybe if I go back to 
the engine room there is a way out.
"
0x733f,"大佐はゴルルコビッチが仲間と合流しメ夕ル
ギアを回収する可能性があるという。その前に
船橋に辿り着き、船の進路を変えなければなら
ない。
","大佐はゴルルコビッチが仲間と合流しメ夕ル
ギアを回収する可能性があるという。その前に
船橋に辿り着き、船の進路を変えなければなら
ない。
"
0x7413,"The Colonel says that Gurlukovich might join 
up with his people and get a hold of Metal 
Gear. I must get to the bridge before that 
happens and change the ship's course.
","The Colonel says that Gurlukovich might join 
up with his people and get a hold of Metal 
Gear. I must get to the bridge before that 
happens and change the ship's course.
"
0x74c0,"Colonel says that Gurlukovich might join up 
with his people and get a hold of Metal Gear. 
I must get to the bridge before that and 
change the ship's course.
","Colonel says that Gurlukovich might join up 
with his people and get a hold of Metal Gear. 
I must get to the bridge before that and 
change the ship's course.
"
0x7561,"Colonel says that Gurlukovich might join up 
with his people and get a hold of Metal Gear. 
I must get to the bridge before that and 
change the ship's course.
","Colonel says that Gurlukovich might join up 
with his people and get a hold of Metal Gear. 
I must get to the bridge before that and 
change the ship's course.
"
0x7602,"Colonel says that Gurlukovich might join up 
with his people and get a hold of Metal Gear. 
I must get to the bridge before that and 
change the ship's course.
","Colonel says that Gurlukovich might join up 
with his people and get a hold of Metal Gear. 
I must get to the bridge before that and 
change the ship's course.
"
0x76a3,"Colonel says that Gurlukovich might join up 
with his people and get a hold of Metal Gear. 
I must get to the bridge before that and 
change the ship's course.
","Colonel says that Gurlukovich might join up 
with his people and get a hold of Metal Gear. 
I must get to the bridge before that and 
change the ship's course.
"
0x7744,"Colonel says that Gurlukovich might join up 
with his people and get a hold of Metal Gear. 
I must get to the bridge before that and 
change the ship's course.
","Colonel says that Gurlukovich might join up 
with his people and get a hold of Metal Gear. 
I must get to the bridge before that and 
change the ship's course.
"
0x77e5,"全ては亡き父親の遺志を継ぐためだとメリルは
言った。ゴルルコビッチの言う事実に疑念を
挟む俺に、メリルは銃を向ける。話し合いの
余地はなかった。
","全ては亡き父親の遺志を継ぐためだとメリルは
言った。ゴルルコビッチの言う事実に疑念を
挟む俺に、メリルは銃を向ける。話し合いの
余地はなかった。
"
0x78ce,"Meryl says all this is for her to carry out the 
intentions of her late father. As I expressed 
my doubts toward the facts Gurlukovich spoke 
of, Meryl pointed her gun at me.
","Meryl says all this is for her to carry out the 
intentions of her late father. As I expressed 
my doubts toward the facts Gurlukovich spoke 
of, Meryl pointed her gun at me.
"
0x797e,"Meryl says all this is for her to carry out the 
intention her late father. As I expressed my 
doubts toward the facts Gurlukovich spoke 
of, Meryl pointed her gun at me.
","Meryl says all this is for her to carry out the 
intention her late father. As I expressed my 
doubts toward the facts Gurlukovich spoke 
of, Meryl pointed her gun at me.
"
0x7a2a,"Meryl says all this is for her to carry out the 
intention her late father. As I expressed my 
doubts toward the facts Gurlukovich spoke 
of, Meryl pointed her gun at me.
","Meryl says all this is for her to carry out the 
intention her late father. As I expressed my 
doubts toward the facts Gurlukovich spoke 
of, Meryl pointed her gun at me.
"
0x7ad6,"Meryl says all this is for her to carry out the 
intention her late father. As I expressed my 
doubts toward the facts Gurlukovich spoke 
of, Meryl pointed her gun at me.
","Meryl says all this is for her to carry out the 
intention her late father. As I expressed my 
doubts toward the facts Gurlukovich spoke 
of, Meryl pointed her gun at me.
"
0x7b82,"Meryl says all this is for her to carry out the 
intention her late father. As I expressed my 
doubts toward the facts Gurlukovich spoke 
of, Meryl pointed her gun at me.
","Meryl says all this is for her to carry out the 
intention her late father. As I expressed my 
doubts toward the facts Gurlukovich spoke 
of, Meryl pointed her gun at me.
"
0x7c2e,"Meryl says all this is for her to carry out the 
intention her late father. As I expressed my 
doubts toward the facts Gurlukovich spoke 
of, Meryl pointed her gun at me.
","Meryl says all this is for her to carry out the 
intention her late father. As I expressed my 
doubts toward the facts Gurlukovich spoke 
of, Meryl pointed her gun at me.
"
0x7cda,"SEALSとの合同演習中デッドセルが反乱を
起こした。ヴァンプの意図は不明だが、まずは
襲われたSEALSを助けなければならない。
俺はB脚へ急ぐことにした。
","SEALSとの合同演習中デッドセルが反乱を
起こした。ヴァンプの意図は不明だが、まずは
襲われたSEALSを助けなければならない。
俺はB脚へ急ぐことにした。
"
0x7dbf,"Dead Cell revolted during the joint exercise 
with the SEALs. Vamp's intentions are not 
clear. But I must save the SEALs under 
attack. I am now heading toward Strut B.
","Dead Cell revolted during the joint exercise 
with the SEALs. Vamp's intentions are not 
clear. But I must save the SEALs under 
attack. I am now heading toward Strut B.
"
0x7e6a,"Dead Cell revolted during the joint exercise 
with the SEALS. Vamp's intentions are not 
clear. But I must save the SEALS under 
attack. I am now heading toward Strut B.
","Dead Cell revolted during the joint exercise 
with the SEALS. Vamp's intentions are not 
clear. But I must save the SEALS under 
attack. I am now heading toward Strut B.
"
0x7f15,"Dead Cell revolted during the joint exercise 
with the SEALS. Vamp's intentions are not 
clear. But I must save the SEALS under 
attack. I am now heading toward Strut B.
","Dead Cell revolted during the joint exercise 
with the SEALS. Vamp's intentions are not 
clear. But I must save the SEALS under 
attack. I am now heading toward Strut B.
"
0x7fc0,"Dead Cell revolted during the joint exercise 
with the SEALS. Vamp's intentions are not 
clear. But I must save the SEALS under 
attack. I am now heading toward Strut B.
","Dead Cell revolted during the joint exercise 
with the SEALS. Vamp's intentions are not 
clear. But I must save the SEALS under 
attack. I am now heading toward Strut B.
"
0x806b,"Dead Cell revolted during the joint exercise 
with the SEALS. Vamp's intentions are not 
clear. But I must save the SEALS under 
attack. I am now heading toward Strut B.
","Dead Cell revolted during the joint exercise 
with the SEALS. Vamp's intentions are not 
clear. But I must save the SEALS under 
attack. I am now heading toward Strut B.
"
0x8116,"Dead Cell revolted during the joint exercise 
with the SEALS. Vamp's intentions are not 
clear. But I must save the SEALS under 
attack. I am now heading toward Strut B.
","Dead Cell revolted during the joint exercise 
with the SEALS. Vamp's intentions are not 
clear. But I must save the SEALS under 
attack. I am now heading toward Strut B.
"
0x81c1,"SEALSの言い残した言葉によれば、ヴァンプの
次の狙いはシェル2にいるオブライエンだという。
ヴァンプを止めなければならない。シェル2へ
はD脚の北から渡ることが出来る。俺はD脚に
向かうことにした。
","SEALSの言い残した言葉によれば、ヴァンプの
次の狙いはシェル2にいるオブライエンだという。
ヴァンプを止めなければならない。シェル2へ
はD脚の北から渡ることが出来る。俺はD脚に
向かうことにした。
"
0x82f3,"According to the last words of the SEAL, 
Vamp's next target is O'Brien, who is on 
the first floor of the Shell 2 Core. I head for 
Strut D to get to Shell 2.
","According to the last words of the SEAL, 
Vamp's next target is O'Brien, who is on 
the first floor of the Shell 2 Core. I head for 
Strut D to get to Shell 2.
"
0x8394,"According to the last words of the SEAL, 
Vamp's next target is O'Brien in Shell 2. 
I head for Strut D to get to Shell 2.
","According to the last words of the SEAL, 
Vamp's next target is O'Brien in Shell 2. 
I head for Strut D to get to Shell 2.
"
0x8410,"According to the last words of the SEAL, 
Vamp's next target is O'Brien in Shell 2. 
I head for Strut D to get to Shell 2.
","According to the last words of the SEAL, 
Vamp's next target is O'Brien in Shell 2. 
I head for Strut D to get to Shell 2.
"
0x848c,"According to the last words of the SEAL, 
Vamp's next target is O'Brien in Shell 2. 
I head for Strut D to get to Shell 2.
","According to the last words of the SEAL, 
Vamp's next target is O'Brien in Shell 2. 
I head for Strut D to get to Shell 2.
"
0x8508,"According to the last words of the SEAL, 
Vamp's next target is O'Brien in Shell 2. 
I head for Strut D to get to Shell 2.
","According to the last words of the SEAL, 
Vamp's next target is O'Brien in Shell 2. 
I head for Strut D to get to Shell 2.
"
0x8584,"According to the last words of the SEAL, 
Vamp's next target is O'Brien in Shell 2. 
I head for Strut D to get to Shell 2.
","According to the last words of the SEAL, 
Vamp's next target is O'Brien in Shell 2. 
I head for Strut D to get to Shell 2.
"
0x8600,"SEALSの言い残した言葉によればヴァンプの
次の狙いはシェル2にいるオブライエンだという。
だがD脚からシェル2への扉は閉鎖されている。
残る道は海上のオイルフェンスを渡ることだ。
オイルフェンスへのハシゴはE脚B1にある。
","SEALSの言い残した言葉によればヴァンプの
次の狙いはシェル2にいるオブライエンだという。
だがD脚からシェル2への扉は閉鎖されている。
残る道は海上のオイルフェンスを渡ることだ。
オイルフェンスへのハシゴはE脚B1にある。
"
0x8752,"Vamp's next target is O'Brien in Shell 2. 
The door from Strut D to Shell 2 is shut. 
The only way now is to cross the oil fence 
on the water. The ladder to the oil fence is 
on Level B1, Strut E.
","Vamp's next target is O'Brien in Shell 2. 
The door from Strut D to Shell 2 is shut. 
The only way now is to cross the oil fence 
on the water. The ladder to the oil fence is 
on Level B1, Strut E.
"
0x8819,"Vamp's next target is O'Brien in Shell 2. 
The door from Strut D to Shell 2 is shut. 
The only way now is to cross the oil fence 
on the water. The ladder to the oil fence is 
on Level B1, Strut E.
","Vamp's next target is O'Brien in Shell 2. 
The door from Strut D to Shell 2 is shut. 
The only way now is to cross the oil fence 
on the water. The ladder to the oil fence is 
on Level B1, Strut E.
"
0x88e0,"Vamp's next target is O'Brien in Shell 2. 
The door from Strut D to Shell 2 is shut. 
The only way now is to cross the oil fence 
on the water. The ladder to the oil fence is 
on Level B1, Strut E.
","Vamp's next target is O'Brien in Shell 2. 
The door from Strut D to Shell 2 is shut. 
The only way now is to cross the oil fence 
on the water. The ladder to the oil fence is 
on Level B1, Strut E.
"
0x89a7,"Vamp's next target is O'Brien in Shell 2. 
The door from Strut D to Shell 2 is shut. 
The only way now is to cross the oil fence 
on the water. The ladder to the oil fence is 
on Level B1, Strut E.
","Vamp's next target is O'Brien in Shell 2. 
The door from Strut D to Shell 2 is shut. 
The only way now is to cross the oil fence 
on the water. The ladder to the oil fence is 
on Level B1, Strut E.
"
0x8a6e,"Vamp's next target is O'Brien in Shell 2. 
The door from Strut D to Shell 2 is shut. 
The only way now is to cross the oil fence 
on the water. The ladder to the oil fence is 
on Level B1, Strut E.
","Vamp's next target is O'Brien in Shell 2. 
The door from Strut D to Shell 2 is shut. 
The only way now is to cross the oil fence 
on the water. The ladder to the oil fence is 
on Level B1, Strut E.
"
0x8b35,"Vamp's next target is O'Brien in Shell 2. 
The door from Strut D to Shell 2 is shut. 
The only way now is to cross the oil fence 
on the water. The ladder to the oil fence is 
on Level B1, Strut E.
","Vamp's next target is O'Brien in Shell 2. 
The door from Strut D to Shell 2 is shut. 
The only way now is to cross the oil fence 
on the water. The ladder to the oil fence is 
on Level B1, Strut E.
"
0x8bfc,"俺はオイルフェンスを渡り、シェル2L脚に到着
した。だがヴァンプは既にシェル2へ侵入して
いる。オブライエンが危ない。俺はオブライエン
がいるシェル2中央棟1階へ向かった。
","俺はオイルフェンスを渡り、シェル2L脚に到着
した。だがヴァンプは既にシェル2へ侵入して
いる。オブライエンが危ない。俺はオブライエン
がいるシェル2中央棟1階へ向かった。
"
0x8d11,"I arrived at Shell 2. Vamp has already 
entered in Shell 2. O'Brien is in danger. 
O'Brien must still be on the first floor in 
the Shell 2 Core.
","I arrived at Shell 2. Vamp has already 
entered in Shell 2. O'Brien is in danger. 
O'Brien must still be on the first floor in 
the Shell 2 Core.
"
0x8da4,"I arrived at Shell 2. Vamp has already been 
in Shell 2. O'Brien is in danger. O'Brien 
must be on the first floor in the Shell 2 Core.
","I arrived at Shell 2. Vamp has already been 
in Shell 2. O'Brien is in danger. O'Brien 
must be on the first floor in the Shell 2 Core.
"
0x8e2d,"I arrived at Shell 2. Vamp has already been 
in Shell 2. O'Brien is in danger. O'Brien 
must be on the first floor in the Shell 2 Core.
","I arrived at Shell 2. Vamp has already been 
in Shell 2. O'Brien is in danger. O'Brien 
must be on the first floor in the Shell 2 Core.
"
0x8eb6,"I arrived at Shell 2. Vamp has already been 
in Shell 2. O'Brien is in danger. O'Brien 
must be on the first floor in the Shell 2 Core.
","I arrived at Shell 2. Vamp has already been 
in Shell 2. O'Brien is in danger. O'Brien 
must be on the first floor in the Shell 2 Core.
"
0x8f3f,"I arrived at Shell 2. Vamp has already been 
in Shell 2. O'Brien is in danger. O'Brien 
must be on the first floor in the Shell 2 Core.
","I arrived at Shell 2. Vamp has already been 
in Shell 2. O'Brien is in danger. O'Brien 
must be on the first floor in the Shell 2 Core.
"
0x8fc8,"I arrived at Shell 2. Vamp has already been 
in Shell 2. O'Brien is in danger. O'Brien 
must be on the first floor in the Shell 2 Core.
","I arrived at Shell 2. Vamp has already been 
in Shell 2. O'Brien is in danger. O'Brien 
must be on the first floor in the Shell 2 Core.
"
0x9051,"オブライエンがいる空気清浄室の入口には、
床へ高圧電流を流すトラップが設置されていた。
オブライエンの安否を確かめるには、ダクトか
らリモコンミサイルを侵入させ室内の配電盤を
破壊しなければならない。
","オブライエンがいる空気清浄室の入口には、
床へ高圧電流を流すトラップが設置されていた。
オブライエンの安否を確かめるには、ダクトか
らリモコンミサイルを侵入させ室内の配電盤を
破壊しなければならない。
"
0x9186,"Dolph says he lost contact with O'Brien. 
To confirm O'Brien's safety, I must shoot a 
remote-controlled missile through the ducts 
and destroy the power source in the air 
purification room.
","Dolph says he lost contact with O'Brien. 
To confirm O'Brien's safety, I must shoot a 
remote-controlled missile through the ducts 
and destroy the power source in the air 
purification room.
"
0x9247,"Dolph says he lost contact with O'Brien. 
To confirm O'Brien's safety, I must shoot a 
remote-controlled missile through the ducts 
and destroy the power source in the room.
","Dolph says he lost contact with O'Brien. 
To confirm O'Brien's safety, I must shoot a 
remote-controlled missile through the ducts 
and destroy the power source in the room.
"
0x92f6,"Dolph says he lost contact with O'Brien. 
To confirm O'Brien's safety, I must shoot a 
remote-controlled missile through the ducts 
and destroy the power source in the room.
","Dolph says he lost contact with O'Brien. 
To confirm O'Brien's safety, I must shoot a 
remote-controlled missile through the ducts 
and destroy the power source in the room.
"
0x93a5,"Dolph says he lost contact with O'Brien. 
To confirm O'Brien's safety, I must shoot a 
remote-controlled missile through the ducts 
and destroy the power source in the room.
","Dolph says he lost contact with O'Brien. 
To confirm O'Brien's safety, I must shoot a 
remote-controlled missile through the ducts 
and destroy the power source in the room.
"
0x9454,"Dolph says he lost contact with O'Brien. 
To confirm O'Brien's safety, I must shoot a 
remote-controlled missile through the ducts 
and destroy the power source in the room.
","Dolph says he lost contact with O'Brien. 
To confirm O'Brien's safety, I must shoot a 
remote-controlled missile through the ducts 
and destroy the power source in the room.
"
0x9503,"Dolph says he lost contact with O'Brien. 
To confirm O'Brien's safety, I must shoot a 
remote-controlled missile through the ducts 
and destroy the power source in the room.
","Dolph says he lost contact with O'Brien. 
To confirm O'Brien's safety, I must shoot a 
remote-controlled missile through the ducts 
and destroy the power source in the room.
"
0x95b2,"ドルフはオブライエンと連絡が途絶したという。
オブライエンの安否を確かめなければならない。
俺は配電盤の破壊に成功した。オブライエンが
いるという空気清浄室への道を阻むトラップも
無効になったはずだ。
","ドルフはオブライエンと連絡が途絶したという。
オブライエンの安否を確かめなければならない。
俺は配電盤の破壊に成功した。オブライエンが
いるという空気清浄室への道を阻むトラップも
無効になったはずだ。
"
0x96ea,"Dolph says he lost contact with O'Brien. 
I must confirm O'Brien's safety. 
I successfully destroyed the power source. 
O'Brien is in the air purification room. 
There is no trap blocking the way anymore.
","Dolph says he lost contact with O'Brien. 
I must confirm O'Brien's safety. 
I successfully destroyed the power source. 
O'Brien is in the air purification room. 
There is no trap blocking the way anymore.
"
0x97b8,"Dolph says he lost contact with O'Brien. 
I must confirm O'Brien's safety. 
I successfully destroyed the power source. 
O'Brien is in the air purification room. 
There is no trap blocking the way anymore.
","Dolph says he lost contact with O'Brien. 
I must confirm O'Brien's safety. 
I successfully destroyed the power source. 
O'Brien is in the air purification room. 
There is no trap blocking the way anymore.
"
0x9886,"Dolph says he lost contact with O'Brien. 
I must confirm O'Brien's safety. 
I successfully destroyed the power source. 
O'Brien is in the air purification room. 
There is no trap blocking the way anymore.
","Dolph says he lost contact with O'Brien. 
I must confirm O'Brien's safety. 
I successfully destroyed the power source. 
O'Brien is in the air purification room. 
There is no trap blocking the way anymore.
"
0x9954,"Dolph says he lost contact with O'Brien. 
I must confirm O'Brien's safety. 
I successfully destroyed the power source. 
O'Brien is in the air purification room. 
There is no trap blocking the way anymore.
","Dolph says he lost contact with O'Brien. 
I must confirm O'Brien's safety. 
I successfully destroyed the power source. 
O'Brien is in the air purification room. 
There is no trap blocking the way anymore.
"
0x9a22,"Dolph says he lost contact with O'Brien. 
I must confirm O'Brien's safety. 
I successfully destroyed the power source. 
O'Brien is in the air purification room. 
There is no trap blocking the way anymore.
","Dolph says he lost contact with O'Brien. 
I must confirm O'Brien's safety. 
I successfully destroyed the power source. 
O'Brien is in the air purification room. 
There is no trap blocking the way anymore.
"
0x9af0,"Dolph says he lost contact with O'Brien. 
I must confirm O'Brien's safety. 
I successfully destroyed the power source. 
O'Brien is in the air purification room. 
There is no trap blocking the way anymore.
","Dolph says he lost contact with O'Brien. 
I must confirm O'Brien's safety. 
I successfully destroyed the power source. 
O'Brien is in the air purification room. 
There is no trap blocking the way anymore.
"
0x9bbe,"オブライエンは死んだ。ヴァンプはシェル2中央
棟地下1階に向かったという。奴の次の狙いは
ドルフなのか。ヴァンプを止めねばならない。
地下1階へはエレベー夕を使えば行けるはずだ。
","オブライエンは死んだ。ヴァンプはシェル2中央
棟地下1階に向かったという。奴の次の狙いは
ドルフなのか。ヴァンプを止めねばならない。
地下1階へはエレベー夕を使えば行けるはずだ。
"
0x9cda,"O'Brien is dead. Supposedly Vamp had 
headed for Level B1, Shell 2 Core. 
Is Dolph his next target? I must stop Vamp. 
The elevator should take me to Level B1.
","O'Brien is dead. Supposedly Vamp had 
headed for Level B1, Shell 2 Core. 
Is Dolph his next target? I must stop Vamp. 
The elevator should take me to Level B1.
"
0x9d7b,"O'Brien is dead. Supposedly Vamp had 
headed for Level B1, Shell 2 Core. 
Is Dolph his next target? I must stop Vamp. 
The elevator should take me to Level B1.
","O'Brien is dead. Supposedly Vamp had 
headed for Level B1, Shell 2 Core. 
Is Dolph his next target? I must stop Vamp. 
The elevator should take me to Level B1.
"
0x9e1c,"O'Brien is dead. Supposedly Vamp had 
headed for Level B1, Shell 2 Core. 
Is Dolph his next target? I must stop Vamp. 
The elevator should take me to Level B1.
","O'Brien is dead. Supposedly Vamp had 
headed for Level B1, Shell 2 Core. 
Is Dolph his next target? I must stop Vamp. 
The elevator should take me to Level B1.
"
0x9ebd,"O'Brien is dead. Supposedly Vamp had 
headed for Level B1, Shell 2 Core. 
Is Dolph his next target? I must stop Vamp. 
The elevator should take me to Level B1.
","O'Brien is dead. Supposedly Vamp had 
headed for Level B1, Shell 2 Core. 
Is Dolph his next target? I must stop Vamp. 
The elevator should take me to Level B1.
"
0x9f5e,"O'Brien is dead. Supposedly Vamp had 
headed for Level B1, Shell 2 Core. 
Is Dolph his next target? I must stop Vamp. 
The elevator should take me to Level B1.
","O'Brien is dead. Supposedly Vamp had 
headed for Level B1, Shell 2 Core. 
Is Dolph his next target? I must stop Vamp. 
The elevator should take me to Level B1.
"
0x9fff,"O'Brien is dead. Supposedly Vamp had 
headed for Level B1, Shell 2 Core. 
Is Dolph his next target? I must stop Vamp. 
The elevator should take me to Level B1.
","O'Brien is dead. Supposedly Vamp had 
headed for Level B1, Shell 2 Core. 
Is Dolph his next target? I must stop Vamp. 
The elevator should take me to Level B1.
"
0xa0a0,"シェル2中央棟地下1階で俺はヴァンプと遭遇
した。ジャクソンの汚職が事実だと告げる俺。
だがヴァンプは問答無用で襲いかかってきた。
もはや戦う以外に道はない。
","シェル2中央棟地下1階で俺はヴァンプと遭遇
した。ジャクソンの汚職が事実だと告げる俺。
だがヴァンプは問答無用で襲いかかってきた。
もはや戦う以外に道はない。
"
0xa1a0,"I encountered Vamp on Level B1. I told him 
that Jackson's corruption accusation was 
true. But Vamp did not waste his breath and 
attacked me.
","I encountered Vamp on Level B1. I told him 
that Jackson's corruption accusation was 
true. But Vamp did not waste his breath and 
attacked me.
"
0xa231,"I encountered Vamp on Level B1. I told him 
that Jackson's corruption accusation was 
true. But Vamp did not waste his breath and 
attacked me.
","I encountered Vamp on Level B1. I told him 
that Jackson's corruption accusation was 
true. But Vamp did not waste his breath and 
attacked me.
"
0xa2c2,"I encountered Vamp on Level B1. I told him 
that Jackson's corruption accusation was 
true. But Vamp did not waste his breath and 
attacked me.
","I encountered Vamp on Level B1. I told him 
that Jackson's corruption accusation was 
true. But Vamp did not waste his breath and 
attacked me.
"
0xa353,"I encountered Vamp on Level B1. I told him 
that Jackson's corruption accusation was 
true. But Vamp did not waste his breath and 
attacked me.
","I encountered Vamp on Level B1. I told him 
that Jackson's corruption accusation was 
true. But Vamp did not waste his breath and 
attacked me.
"
0xa3e4,"I encountered Vamp on Level B1. I told him 
that Jackson's corruption accusation was 
true. But Vamp did not waste his breath and 
attacked me.
","I encountered Vamp on Level B1. I told him 
that Jackson's corruption accusation was 
true. But Vamp did not waste his breath and 
attacked me.
"
0xa475,"I encountered Vamp on Level B1. I told him 
that Jackson's corruption accusation was 
true. But Vamp did not waste his breath and 
attacked me.
","I encountered Vamp on Level B1. I told him 
that Jackson's corruption accusation was 
true. But Vamp did not waste his breath and 
attacked me.
"
0xa506,"今回の任務はオ夕コン曰く謎の怪獣ゴルルゴン
の写真を撮影することだ。ゴルルゴンはこの
AB連絡橋でしばしば目撃されているという。
","今回の任務はオ夕コン曰く謎の怪獣ゴルルゴン
の写真を撮影することだ。ゴルルゴンはこの
AB連絡橋でしばしば目撃されているという。
"
0xa5c6,"My mission is to take a photo of ""Gurlugon,"" 
a mysterious monster.  Supposedly, Gurlugon 
has been spotted many times near the AB 
connecting bridge.
","My mission is to take a photo of ""Gurlugon,"" 
a mysterious monster.  Supposedly, Gurlugon 
has been spotted many times near the AB 
connecting bridge.
"
0xa65e,"My mission is to take a photo of ""Gurlugon"" 
-- the mysterious monster according to 
Otacon. Supposedly, Gurlugon has been 
spotted many times by this AB connecting 
bridge.
","My mission is to take a photo of ""Gurlugon"" 
-- the mysterious monster according to 
Otacon. Supposedly, Gurlugon has been 
spotted many times by this AB connecting 
bridge.
"
0xa70d,"My mission is to take a photo of ""Gurlugon"" 
-- the mysterious monster according to 
Otacon. Supposedly, Gurlugon has been 
spotted many times by this AB connecting 
bridge.
","My mission is to take a photo of ""Gurlugon"" 
-- the mysterious monster according to 
Otacon. Supposedly, Gurlugon has been 
spotted many times by this AB connecting 
bridge.
"
0xa7bc,"My mission is to take a photo of ""Gurlugon"" 
-- the mysterious monster according to 
Otacon. Supposedly, Gurlugon has been 
spotted many times by this AB connecting 
bridge.
","My mission is to take a photo of ""Gurlugon"" 
-- the mysterious monster according to 
Otacon. Supposedly, Gurlugon has been 
spotted many times by this AB connecting 
bridge.
"
0xa86b,"My mission is to take a photo of ""Gurlugon"" 
-- the mysterious monster according to 
Otacon. Supposedly, Gurlugon has been 
spotted many times by this AB connecting 
bridge.
","My mission is to take a photo of ""Gurlugon"" 
-- the mysterious monster according to 
Otacon. Supposedly, Gurlugon has been 
spotted many times by this AB connecting 
bridge.
"
0xa91a,"My mission is to take a photo of ""Gurlugon"" 
-- the mysterious monster according to 
Otacon. Supposedly, Gurlugon has been 
spotted many times by this AB connecting 
bridge.
","My mission is to take a photo of ""Gurlugon"" 
-- the mysterious monster according to 
Otacon. Supposedly, Gurlugon has been 
spotted many times by this AB connecting 
bridge.
"
0xa9c9,"俺はゴルルゴン探索のため『ビッグ・シェル』
に降り立つことになった。まずはゴルルゴンを
見つけなければならない。
","俺はゴルルゴン探索のため『ビッグ・シェル』
に降り立つことになった。まずはゴルルゴンを
見つけなければならない。
"
0xaa84,"I have come to Big Shell to look for 
Gurlugon. I must find Gurlugon.
","I have come to Big Shell to look for 
Gurlugon. I must find Gurlugon.
"
0xaacb,"I have come to the ""Big Shell"" for the search 
of Gurlugon. I must first find Gurlugon.
","I have come to the ""Big Shell"" for the search 
of Gurlugon. I must first find Gurlugon.
"
0xab24,"I have come to the ""Big Shell"" for the search 
of Gurlugon. I must first find Gurlugon.
","I have come to the ""Big Shell"" for the search 
of Gurlugon. I must first find Gurlugon.
"
0xab7d,"I have come to the ""Big Shell"" for the search 
of Gurlugon. I must first find Gurlugon.
","I have come to the ""Big Shell"" for the search 
of Gurlugon. I must first find Gurlugon.
"
0xabd6,"I have come to the ""Big Shell"" for the search 
of Gurlugon. I must first find Gurlugon.
","I have come to the ""Big Shell"" for the search 
of Gurlugon. I must first find Gurlugon.
"
0xac2f,"I have come to the ""Big Shell"" for the search 
of Gurlugon. I must first find Gurlugon.
","I have come to the ""Big Shell"" for the search 
of Gurlugon. I must first find Gurlugon.
"
0xac88,"俺はゴルルゴン探索のため『ビッグ・シェル』
に降り立つことになった。まずはゴルルゴンを
見つけなければならない。オ夕コンが言うには、
ゴルルゴンはAB連絡橋でよく目撃されるらしい。
","俺はゴルルゴン探索のため『ビッグ・シェル』
に降り立つことになった。まずはゴルルゴンを
見つけなければならない。オ夕コンが言うには、
ゴルルゴンはAB連絡橋でよく目撃されるらしい。
"
0xada9,"I have come to Big Shell to look for 
Gurlugon. I must find Gurlugon. According to 
Otacon, Gurlugon is often spotted near the 
AB connecting bridge.
","I have come to Big Shell to look for 
Gurlugon. I must find Gurlugon. According to 
Otacon, Gurlugon is often spotted near the 
AB connecting bridge.
"
0xae40,"I have come to the ""Big Shell"" for the search 
of Gurlugon. I must first find Gurlugon. 
According to Otacon, Gurlugon is often 
spotted by the AB connecting bridge.
","I have come to the ""Big Shell"" for the search 
of Gurlugon. I must first find Gurlugon. 
According to Otacon, Gurlugon is often 
spotted by the AB connecting bridge.
"
0xaee7,"I have come to the ""Big Shell"" for the search 
of Gurlugon. I must first find Gurlugon. 
According to Otacon, Gurlugon is often 
spotted by the AB connecting bridge.
","I have come to the ""Big Shell"" for the search 
of Gurlugon. I must first find Gurlugon. 
According to Otacon, Gurlugon is often 
spotted by the AB connecting bridge.
"
0xaf8e,"I have come to the ""Big Shell"" for the search 
of Gurlugon. I must first find Gurlugon. 
According to Otacon, Gurlugon is often 
spotted by the AB connecting bridge.
","I have come to the ""Big Shell"" for the search 
of Gurlugon. I must first find Gurlugon. 
According to Otacon, Gurlugon is often 
spotted by the AB connecting bridge.
"
0xb035,"I have come to the ""Big Shell"" for the search 
of Gurlugon. I must first find Gurlugon. 
According to Otacon, Gurlugon is often 
spotted by the AB connecting bridge.
","I have come to the ""Big Shell"" for the search 
of Gurlugon. I must first find Gurlugon. 
According to Otacon, Gurlugon is often 
spotted by the AB connecting bridge.
"
0xb0dc,"I have come to the ""Big Shell"" for the search 
of Gurlugon. I must first find Gurlugon. 
According to Otacon, Gurlugon is often 
spotted by the AB connecting bridge.
","I have come to the ""Big Shell"" for the search 
of Gurlugon. I must first find Gurlugon. 
According to Otacon, Gurlugon is often 
spotted by the AB connecting bridge.
"
0xb183,"眼下で巨大な怪獣が泳ぎ回る。信じがたいこと
だが、こうなったら写真を撮るしかない。奴が
浮上した瞬間がいいだろう。近すぎても遠すぎ
てもいけない。オ夕コンも唸るような写真を
撮ってやる。
","眼下で巨大な怪獣が泳ぎ回る。信じがたいこと
だが、こうなったら写真を撮るしかない。奴が
浮上した瞬間がいいだろう。近すぎても遠すぎ
てもいけない。オ夕コンも唸るような写真を
撮ってやる。
"
0xb2ac,"This is unbelievable, but I guess I should be 
taking photos. The best moment is when it 
comes above the surface. I shouldn't be too 
near or far from it. I'm gonna take a photo 
good enough to make Otacon grunt.
","This is unbelievable, but I guess I should be 
taking photos. The best moment is when it 
comes above the surface. I shouldn't be too 
near or far from it. I'm gonna take a photo 
good enough to make Otacon grunt.
"
0xb383,"This is unbelievable, but I guess I should be 
taking photos. The best moment is when it 
comes above the surface. I shouldn't be too 
near or far from it. I'm gonna take a photo 
good enough to make Otacon grunt.
","This is unbelievable, but I guess I should be 
taking photos. The best moment is when it 
comes above the surface. I shouldn't be too 
near or far from it. I'm gonna take a photo 
good enough to make Otacon grunt.
"
0xb45a,"This is unbelievable, but I guess I should be 
taking photos. The best moment is when it 
comes above the surface. I shouldn't be too 
near or far from it. I'm gonna take a photo 
good enough to make Otacon grunt.
","This is unbelievable, but I guess I should be 
taking photos. The best moment is when it 
comes above the surface. I shouldn't be too 
near or far from it. I'm gonna take a photo 
good enough to make Otacon grunt.
"
0xb531,"This is unbelievable, but I guess I should be 
taking photos. The best moment is when it 
comes above the surface. I shouldn't be too 
near or far from it. I'm gonna take a photo 
good enough to make Otacon grunt.
","This is unbelievable, but I guess I should be 
taking photos. The best moment is when it 
comes above the surface. I shouldn't be too 
near or far from it. I'm gonna take a photo 
good enough to make Otacon grunt.
"
0xb608,"This is unbelievable, but I guess I should be 
taking photos. The best moment is when it 
comes above the surface. I shouldn't be too 
near or far from it. I'm gonna take a photo 
good enough to make Otacon grunt.
","This is unbelievable, but I guess I should be 
taking photos. The best moment is when it 
comes above the surface. I shouldn't be too 
near or far from it. I'm gonna take a photo 
good enough to make Otacon grunt.
"
0xb6df,"This is unbelievable, but I guess I should be 
taking photos. The best moment is when it 
comes above the surface. I shouldn't be too 
near or far from it. I'm gonna take a photo 
good enough to make Otacon grunt.
","This is unbelievable, but I guess I should be 
taking photos. The best moment is when it 
comes above the surface. I shouldn't be too 
near or far from it. I'm gonna take a photo 
good enough to make Otacon grunt.
"
0xb7b6,"写真を撮り終えた俺は武装集団の襲撃を受けた。
奴等は何者なのか？だが考えている時間はない。
今は奴等を倒すしかないだろう。
","写真を撮り終えた俺は武装集団の襲撃を受けた。
奴等は何者なのか？だが考えている時間はない。
今は奴等を倒すしかないだろう。
"
0xb877,"After I took a photo, I was attacked by an 
armed group. Who the hell are they? Now 
is no time for questions. I'll have to take 
them out first.
","After I took a photo, I was attacked by an 
armed group. Who the hell are they? Now 
is no time for questions. I'll have to take 
them out first.
"
0xb90a,"After I took a photo, I have been attacked 
by an armed group. Who the hell are they? 
Now is no time for questions. I must first 
take them out.
","After I took a photo, I have been attacked 
by an armed group. Who the hell are they? 
Now is no time for questions. I must first 
take them out.
"
0xb99d,"After I took a photo, I have been attacked 
by an armed group. Who the hell are they? 
Now is no time for questions. I must first 
take them out.
","After I took a photo, I have been attacked 
by an armed group. Who the hell are they? 
Now is no time for questions. I must first 
take them out.
"
0xba30,"After I took a photo, I have been attacked 
by an armed group. Who the hell are they? 
Now is no time for questions. I must first 
take them out.
","After I took a photo, I have been attacked 
by an armed group. Who the hell are they? 
Now is no time for questions. I must first 
take them out.
"
0xbac3,"After I took a photo, I have been attacked 
by an armed group. Who the hell are they? 
Now is no time for questions. I must first 
take them out.
","After I took a photo, I have been attacked 
by an armed group. Who the hell are they? 
Now is no time for questions. I must first 
take them out.
"
0xbb56,"After I took a photo, I have been attacked 
by an armed group. Who the hell are they? 
Now is no time for questions. I must first 
take them out.
","After I took a photo, I have been attacked 
by an armed group. Who the hell are they? 
Now is no time for questions. I must first 
take them out.
"
0xbbe9,"メイ・リンは、VR内でゴルルゴンを倒せば現
実のゴルルゴンも消滅するのではないかという。
乱暴過ぎる理論だと思ったが、結局俺はVRで
ゴルルゴンと戦うことになった。
","メイ・リンは、VR内でゴルルゴンを倒せば現
実のゴルルゴンも消滅するのではないかという。
乱暴過ぎる理論だと思ったが、結局俺はVRで
ゴルルゴンと戦うことになった。
"
0xbce5,"Mei Ling suggests that Gurlugon in real life 
will disappear if Gurlugon is defeated in VR. 
I thought her logic was too radical, 
but I ended up facing Gurlugon in VR.
","Mei Ling suggests that Gurlugon in real life 
will disappear if Gurlugon is defeated in VR. 
I thought her logic was too radical, 
but I ended up facing Gurlugon in VR.
"
0xbd8f,"Mei Ling suggests that Gurlugon in real life 
will disappear if Gurlugon is defeated in VR. 
I thought her logic was too radical, 
but I ended up facing Gurlugon in VR.
","Mei Ling suggests that Gurlugon in real life 
will disappear if Gurlugon is defeated in VR. 
I thought her logic was too radical, 
but I ended up facing Gurlugon in VR.
"
0xbe39,"Mei Ling suggests that Gurlugon in real life 
will disappear if Gurlugon is defeated in VR. 
I thought her logic was too radical, 
but I ended up facing Gurlugon in VR.
","Mei Ling suggests that Gurlugon in real life 
will disappear if Gurlugon is defeated in VR. 
I thought her logic was too radical, 
but I ended up facing Gurlugon in VR.
"
0xbee3,"Mei Ling suggests that Gurlugon in real life 
will disappear if Gurlugon is defeated in VR. 
I thought her logic was too radical, 
but I ended up facing Gurlugon in VR.
","Mei Ling suggests that Gurlugon in real life 
will disappear if Gurlugon is defeated in VR. 
I thought her logic was too radical, 
but I ended up facing Gurlugon in VR.
"
0xbf8d,"Mei Ling suggests that Gurlugon in real life 
will disappear if Gurlugon is defeated in VR. 
I thought her logic was too radical, 
but I ended up facing Gurlugon in VR.
","Mei Ling suggests that Gurlugon in real life 
will disappear if Gurlugon is defeated in VR. 
I thought her logic was too radical, 
but I ended up facing Gurlugon in VR.
"
0xc037,"Mei Ling suggests that Gurlugon in real life 
will disappear if Gurlugon is defeated in VR. 
I thought her logic was too radical, 
but I ended up facing Gurlugon in VR.
","Mei Ling suggests that Gurlugon in real life 
will disappear if Gurlugon is defeated in VR. 
I thought her logic was too radical, 
but I ended up facing Gurlugon in VR.
"
0xc0e1,"特異点へ辿り着いた俺の前に、ソリダスが放っ
たRAYの大群が現れる。オ夕コンが作業を完
了するまで後少し。それまでRAYを倒し続ける
しかない。
","特異点へ辿り着いた俺の前に、ソリダスが放っ
たRAYの大群が現れる。オ夕コンが作業を完
了するまで後少し。それまでRAYを倒し続ける
しかない。
"
0xc1b8,"When I arrived at the singularity, a bunch 
of RAYs sent by Solidus appeared in front 
of me. Otacon needs time to complete his 
operation. I have no choice but to fight these 
RAYs.
","When I arrived at the singularity, a bunch 
of RAYs sent by Solidus appeared in front 
of me. Otacon needs time to complete his 
operation. I have no choice but to fight these 
RAYs.
"
0xc270,"When I arrived at the singularity, a bunch of 
RAYs sent by Solidus have appeared in front 
of me. Otacon needs some more time to 
complete his operation. I have no choice but 
to keep on fighting these RAYs.
","When I arrived at the singularity, a bunch of 
RAYs sent by Solidus have appeared in front 
of me. Otacon needs some more time to 
complete his operation. I have no choice but 
to keep on fighting these RAYs.
"
0xc342,"When I arrived at the singularity, a bunch of 
RAYs sent by Solidus have appeared in front 
of me. Otacon needs some more time to 
complete his operation. I have no choice but 
to keep on fighting these RAYs.
","When I arrived at the singularity, a bunch of 
RAYs sent by Solidus have appeared in front 
of me. Otacon needs some more time to 
complete his operation. I have no choice but 
to keep on fighting these RAYs.
"
0xc414,"When I arrived at the singularity, a bunch of 
RAYs sent by Solidus have appeared in front 
of me. Otacon needs some more time to 
complete his operation. I have no choice but 
to keep on fighting these RAYs.
","When I arrived at the singularity, a bunch of 
RAYs sent by Solidus have appeared in front 
of me. Otacon needs some more time to 
complete his operation. I have no choice but 
to keep on fighting these RAYs.
"
0xc4e6,"When I arrived at the singularity, a bunch of 
RAYs sent by Solidus have appeared in front 
of me. Otacon needs some more time to 
complete his operation. I have no choice but 
to keep on fighting these RAYs.
","When I arrived at the singularity, a bunch of 
RAYs sent by Solidus have appeared in front 
of me. Otacon needs some more time to 
complete his operation. I have no choice but 
to keep on fighting these RAYs.
"
0xc5b8,"When I arrived at the singularity, a bunch of 
RAYs sent by Solidus have appeared in front 
of me. Otacon needs some more time to 
complete his operation. I have no choice but 
to keep on fighting these RAYs.
","When I arrived at the singularity, a bunch of 
RAYs sent by Solidus have appeared in front 
of me. Otacon needs some more time to 
complete his operation. I have no choice but 
to keep on fighting these RAYs.
"
0xc68a,"宇宙は修復されはじめたようだ。だが帰還を
待つ俺の前に、ソリダスが最後の闘いを挑む
べく立ちふさがる。俺の制止の言葉はもはや
奴には届かなかった。
","宇宙は修復されはじめたようだ。だが帰還を
待つ俺の前に、ソリダスが最後の闘いを挑む
べく立ちふさがる。俺の制止の言葉はもはや
奴には届かなかった。
"
0xc770,"The universe is now being repaired. As I 
wait for my moment of return, Solidus stands 
in front of me to challenge me to the final 
battle. He no longer cares to listen to reason.
","The universe is now being repaired. As I 
wait for my moment of return, Solidus stands 
in front of me to challenge me to the final 
battle. He no longer cares to listen to reason.
"
0xc826,"The universe is now being repaired. 
As I wait for my moment of return, Solidus 
stands in front of me to challenge me to the 
final battle. He no longer lends his ear to my 
words to hold him back.
","The universe is now being repaired. 
As I wait for my moment of return, Solidus 
stands in front of me to challenge me to the 
final battle. He no longer lends his ear to my 
words to hold him back.
"
0xc8ee,"The universe is now being repaired. 
As I wait for my moment of return, Solidus 
stands in front of me to challenge me to the 
final battle. He no longer lends his ear to my 
words to hold him back.
","The universe is now being repaired. 
As I wait for my moment of return, Solidus 
stands in front of me to challenge me to the 
final battle. He no longer lends his ear to my 
words to hold him back.
"
0xc9b6,"The universe is now being repaired. 
As I wait for my moment of return, Solidus 
stands in front of me to challenge me to the 
final battle. He no longer lends his ear to my 
words to hold him back.
","The universe is now being repaired. 
As I wait for my moment of return, Solidus 
stands in front of me to challenge me to the 
final battle. He no longer lends his ear to my 
words to hold him back.
"
0xca7e,"The universe is now being repaired. 
As I wait for my moment of return, Solidus 
stands in front of me to challenge me to the 
final battle. He no longer lends his ear to my 
words to hold him back.
","The universe is now being repaired. 
As I wait for my moment of return, Solidus 
stands in front of me to challenge me to the 
final battle. He no longer lends his ear to my 
words to hold him back.
"
0xcb46,"The universe is now being repaired. 
As I wait for my moment of return, Solidus 
stands in front of me to challenge me to the 
final battle. He no longer lends his ear to my 
words to hold him back.
","The universe is now being repaired. 
As I wait for my moment of return, Solidus 
stands in front of me to challenge me to the 
final battle. He no longer lends his ear to my 
words to hold him back.
"
0xcc0e,"全ての爆弾を解体せよ！
爆弾の信号音も聞き逃すな！
","全ての爆弾を解体せよ！
爆弾の信号音も聞き逃すな！
"
0xcc5f,"Defuse all bombs!
The sound the bombs make may give
you clues about their locations.
","Defuse all bombs!
The sound the bombs make may give
you clues about their locations.
"
0xccb5,"Entschärfen Sie alle Bomben!
Das Geräusch von Bomben weist
darauf hin, wo sie eventuell sind.
","Entschärfen Sie alle Bomben!
Das Geräusch von Bomben weist
darauf hin, wo sie eventuell sind.
"
0xcd16,"Désamorcez toutes les bombes ! Le bruit
que les bombes font peut vous donner 
une indication de leur emplacement.
","Désamorcez toutes les bombes ! Le bruit
que les bombes font peut vous donner 
une indication de leur emplacement.
"
0xcd8a,"Disinnesca tutte le bombe!
Il suono emesso dalle bombe può farti
capire dove sono state piazzate.
","Disinnesca tutte le bombe!
Il suono emesso dalle bombe può farti
capire dove sono state piazzate.
"
0xcdee,"¡Desactiva las bombas!
El sonido de las bombas te puede 
ayudar a encontrar a los enemigos.
","¡Desactiva las bombas!
El sonido de las bombas te puede 
ayudar a encontrar a los enemigos.
"
0xce4c,"センサーAを使用して、全ての爆弾を
解体せよ！
爆弾の信号音も聞き逃すな！
","センサーAを使用して、全ての爆弾を
解体せよ！
爆弾の信号音も聞き逃すな！
"
0xcec0,"全ての爆弾を解体せよ！
爆弾は半径2m以内に進入すると自動的に
爆発するので気をつけろ。
","全ての爆弾を解体せよ！
爆弾は半径2m以内に進入すると自動的に
爆発するので気をつけろ。
"
0xcf44,"Defuse all bombs!
The bombs will automatically explode
if you come within a 2-meter radius.
Be careful!
","Defuse all bombs!
The bombs will automatically explode
if you come within a 2-meter radius.
Be careful!
"
0xcfad,"Entschärfen Sie alle Bomben!
Die Bomben explodieren automatisch
innnerhalb eines 2-Meter-Radius.
Vorsicht!
","Entschärfen Sie alle Bomben!
Die Bomben explodieren automatisch
innnerhalb eines 2-Meter-Radius.
Vorsicht!
"
0xd01a,"Désamorcez toutes les bombes ! Les 
bombes exploseront automatiquement si
vous entrez dans un rayon de 2 mètres.
Faites attention !
","Désamorcez toutes les bombes ! Les 
bombes exploseront automatiquement si
vous entrez dans un rayon de 2 mètres.
Faites attention !
"
0xd0a1,"Disinnesca tutte le bombe!
Le bombe esplodono automaticamente
se ti trovi entro un raggio di 2 metri.
Fai attenzione!
","Disinnesca tutte le bombe!
Le bombe esplodono automaticamente
se ti trovi entro un raggio di 2 metri.
Fai attenzione!
"
0xd118,"¡Desactiva las bombas!
Las bombas explotarán automáticamente
si te acercas a 2 metros de ella.
¡Ten cuidado!
","¡Desactiva las bombas!
Las bombas explotarán automáticamente
si te acercas a 2 metros de ella.
¡Ten cuidado!
"
0xd18a,"センサーBを使用して、全ての爆弾を
解体せよ！
爆弾は侵入者が半径2m以内に
近づくと自動的に爆発する。
","センサーBを使用して、全ての爆弾を
解体せよ！
爆弾は侵入者が半径2m以内に
近づくと自動的に爆発する。
"
0xd225,"全ての爆弾を解体せよ！
センサーAとBの両方を使用して、
あらゆる場所に気を配れ！
","全ての爆弾を解体せよ！
センサーAとBの両方を使用して、
あらゆる場所に気を配れ！
"
0xd2a3,"Defuse all bombs!
Use both Sensors A & B and
keep an eye on all places!
","Defuse all bombs!
Use both Sensors A & B and
keep an eye on all places!
"
0xd2ec,"Entschärfen Sie alle Bomben!
Nutzen Sie Sensor A und B und
beobachten Sie alle Orte!
","Entschärfen Sie alle Bomben!
Nutzen Sie Sensor A und B und
beobachten Sie alle Orte!
"
0xd343,"Désamorcez toutes les bombes !
Servez-vous des détecteurs A et B et
regardez bien partout !
","Désamorcez toutes les bombes !
Servez-vous des détecteurs A et B et
regardez bien partout !
"
0xd3a2,"Disinnesca tutte le bombe!
Usa entrambi i sensori A e B e
tieni d'occhio tutti i posti!
","Disinnesca tutte le bombe!
Usa entrambi i sensori A e B e
tieni d'occhio tutti i posti!
"
0xd3fb,"¡Desactiva las bombas!
Utiliza los sensores A y B ¡y mira
bien por todos los lados!
","¡Desactiva las bombas!
Utiliza los sensores A y B ¡y mira
bien por todos los lados!
"
0xd452,"センサーAとBの両方を使用して、
全ての爆弾を解体せよ！
あらゆる場所に気を配れ！
","センサーAとBの両方を使用して、
全ての爆弾を解体せよ！
あらゆる場所に気を配れ！
"
0xd4d0,制限時間,制限時間
0xd4dd,TIME LIMIT:,TIME LIMIT:
0xd4e9,DELAI :,DELAI :
0xd4f1,ZEITLIMIT :,ZEITLIMIT :
0xd4fd,TEMPO LIMITE:,TEMPO LIMITE:
0xd50b,LÍMITE DE TIEMPO:,LÍMITE DE TIEMPO:
0xd51e,TIME LIMIT:,TIME LIMIT:
0xd52a,分,分
0xd52e,min,min
0xd532,min,min
0xd536,Min,Min
0xd53a,min,min
0xd53e,Min,Min
0xd542,min,min
0xd546,秒,秒
0xd54a,sec,sec
0xd54e,s,s
0xd550,Sek,Sek
0xd554,sec,sec
0xd558,Seg,Seg
0xd55c,sec,sec
0xd560,敵兵数　,敵兵数　
0xd56d,ENEMIES :,ENEMIES :
0xd577,ENNEMIS :,ENNEMIS :
0xd581,FEINDE :,FEINDE :
0xd58a,NEMICI :,NEMICI :
0xd593,ENEMIGOS :,ENEMIGOS :
0xd59e,ENEMIES :,ENEMIES :
0xd5a8,人,人
0xd5ac,　,　
0xd5b0,　,　
0xd5b4,　,　
0xd5b8,　,　
0xd5bc,　,　
0xd5c0,　,　
0xd5c4,標的数　,標的数　
0xd5d1,TARGETS :,TARGETS :
0xd5db,CIBLES :,CIBLES :
0xd5e4,ZIELE :,ZIELE :
0xd5ec,BERSAGLI :,BERSAGLI :
0xd5f7,BLANCOS :,BLANCOS :
0xd601,TARGETS :,TARGETS :
0xd60b,個,個
0xd60f,　,　
0xd613,　,　
0xd617,　,　
0xd61b,　,　
0xd61f,　,　
0xd623,　,　
0xd627,爆弾数　,爆弾数　
0xd634,BOMBS :,BOMBS :
0xd63c,BOMBES :,BOMBES :
0xd645,BOMBEN :,BOMBEN :
0xd64e,BOMBE :,BOMBE :
0xd656,BOMBAS :,BOMBAS :
0xd65f,BOMBS :,BOMBS :
0xffffffff,,
0xffffffff,,
0xffffffff,,
0xffffffff,,
0xd667,"表示されている「！」
の写真を撮影せよ！
","表示されている「！」
の写真を撮影せよ！
"
0xd6af,"Take a photo of
the displayed ""!"".
","Take a photo of
the displayed ""!"".
"
0xd6d3,"Machen Sie ein Foto
des gezeigten ""!"".
","Machen Sie ein Foto
des gezeigten ""!"".
"
0xd6fb,"Prenez une photo du
""!"" affiché.
","Prenez une photo du
""!"" affiché.
"
0xd71e,"Scatta una foto al
""!"" visualizzato.
","Scatta una foto al
""!"" visualizzato.
"
0xd744,"Saca una foto del 
símbolo ""!"".
","Saca una foto del 
símbolo ""!"".
"
0xd766,"Take a photograph
as shown!
","Take a photograph
as shown!
"
0xffffffff,,
